trial,observation_pair_1,observation_pair_2,observation_pair_3,observation_pair_4,observation_pair_5,observation_pair_6,observation_pair_7,observation_pair_8,observation_pair_9,observation_pair_10,observation_pair_11,observation_pair_12,observation_pair_13,observation_pair_14,observation_pair_15,observation_pair_16,observation_pair_17,observation_pair_18,observation_pair_19,observation_pair_20,observation_pair_21,observation_pair_22,observation_pair_23,observation_pair_24,observation_pair_25,observation_pair_26,observation_pair_27,observation_pair_28,observation_pair_29,observation_pair_30,observation_pair_31,observation_pair_32,observation_pair_33,observation_pair_34,observation_pair_35,observation_pair_36,observation_pair_37,observation_pair_38,observation_pair_39,observation_pair_40,observation_pair_41,observation_pair_42,observation_pair_43,observation_pair_44,observation_pair_45,observation_pair_46,observation_pair_47,observation_pair_48,observation_pair_49,observation_pair_50,observation_pair_51,observation_pair_52,observation_pair_53,observation_pair_54,observation_pair_55,observation_pair_56,observation_pair_57,observation_pair_58,observation_pair_59,observation_pair_60
-1.0,-1.0,-1.0,-1.0,-1.0,-1.0,-1.0,-1.0,-1.0,-1.0,-1.0,-1.0,-1.0,-1.0,-1.0,-1.0,-1.0,-1.0,-1.0,-1.0,-1.0,-1.0,-1.0,-1.0,-1.0,-1.0,-1.0,-1.0,-1.0,-1.0,-1.0,-1.0,-1.0,-1.0,-1.0,-1.0,-1.0,-1.0,-1.0,-1.0,-1.0,-1.0,-1.0,-1.0,-1.0,-1.0,-1.0,-1.0,-1.0,-1.0,-1.0,-1.0,-1.0,-1.0,-1.0,-1.0,-1.0,-1.0,-1.0,-1.0,-1.0
1.0,-391.15754060162743,0.0,250.0,-250.0,-125.0,-250.0,-250.0,-250.0,-250.0,-250.0,-250.0,-250.0,-250.0,-250.0,-250.0,-250.0,-250.0,-250.0,-250.0,-250.0,-250.0,-250.0,-250.0,-250.0,-250.0,-250.0,-250.0,-250.0,-250.0,-250.0,-250.0,-250.0,-250.0,-250.0,-250.0,-250.0,-250.0,-250.0,-250.0,-250.0,-250.0,-250.0,-250.0,-250.0,-250.0,-250.0,-250.0,375.0,-250.0,-250.0,-250.0,-250.0,-250.0,-250.0,-250.0,-250.0,-250.0,-250.0,-250.0,-250.0,-250.0
1.0,218.9031628453905,0.0,-250.0,250.0,-125.0,250.0,250.0,250.0,250.0,250.0,250.0,250.0,250.0,250.0,250.0,250.0,250.0,250.0,250.0,250.0,250.0,250.0,250.0,250.0,250.0,250.0,250.0,250.0,250.0,250.0,250.0,250.0,250.0,250.0,250.0,250.0,250.0,250.0,250.0,250.0,250.0,250.0,250.0,250.0,250.0,250.0,250.0,375.0,250.0,250.0,250.0,250.0,250.0,250.0,250.0,250.0,250.0,250.0,250.0,250.0,250.0
1.0,82.66621969601522,0.0,-250.0,250.0,125.0,250.0,250.0,250.0,250.0,250.0,250.0,250.0,250.0,250.0,250.0,250.0,250.0,250.0,250.0,250.0,250.0,250.0,250.0,250.0,250.0,250.0,250.0,250.0,250.0,250.0,250.0,250.0,250.0,250.0,250.0,250.0,250.0,250.0,250.0,250.0,250.0,250.0,250.0,250.0,250.0,250.0,250.0,-375.0,250.0,250.0,250.0,250.0,250.0,250.0,250.0,250.0,250.0,250.0,250.0,250.0,250.0
1.0,1369.905721255022,1256.9487,1231.1385133965798,1282.75888660342,1134.0762824117014,1282.75888660342,1282.75888660342,1282.75888660342,1282.75888660342,1282.75888660342,1282.75888660342,1282.75888660342,1282.75888660342,1282.75888660342,1282.75888660342,1282.75888660342,1282.75888660342,1282.75888660342,1282.75888660342,1282.75888660342,1282.75888660342,1282.75888660342,1282.75888660342,1282.75888660342,1282.75888660342,1282.75888660342,1282.75888660342,1282.75888660342,1282.75888660342,1282.75888660342,1282.75888660342,1282.75888660342,1282.75888660342,1282.75888660342,1282.75888660342,1282.75888660342,1282.75888660342,1282.75888660342,1282.75888660342,1282.75888660342,1282.75888660342,1282.75888660342,1282.75888660342,1282.75888660342,1282.75888660342,1282.75888660342,1282.75888660342,1072.1303899312986,1282.75888660342,1282.75888660342,1282.75888660342,1282.75888660342,1282.75888660342,1282.75888660342,1282.75888660342,1282.75888660342,1282.75888660342,1282.75888660342,1282.75888660342,1282.75888660342,1282.75888660342
2.0,431.0582938270935,0.0,0.0,0.0,0.0,0.0,0.0,0.0,0.0,0.0,0.0,0.0,0.0,0.0,0.0,0.0,0.0,0.0,0.0,0.0,0.0,0.0,0.0,0.0,0.0,0.0,0.0,0.0,0.0,0.0,0.0,0.0,0.0,0.0,0.0,0.0,0.0,0.0,0.0,0.0,0.0,0.0,0.0,0.0,0.0,0.0,0.0,0.0,0.0,0.0,0.0,0.0,0.0,0.0,0.0,0.0,0.0,0.0,0.0,0.0,0.0
2.0,-166.0074750247942,0.0,0.0,0.0,0.0,0.0,0.0,0.0,0.0,0.0,0.0,0.0,0.0,0.0,0.0,0.0,0.0,0.0,0.0,0.0,0.0,0.0,0.0,0.0,0.0,0.0,0.0,0.0,0.0,0.0,0.0,0.0,0.0,0.0,0.0,0.0,0.0,0.0,0.0,0.0,0.0,0.0,0.0,0.0,0.0,0.0,0.0,0.0,0.0,0.0,0.0,0.0,0.0,0.0,0.0,0.0,0.0,0.0,0.0,0.0,0.0
2.0,127.9718282469421,0.0,0.0,0.0,0.0,0.0,0.0,0.0,0.0,0.0,0.0,0.0,0.0,0.0,0.0,0.0,0.0,0.0,0.0,0.0,0.0,0.0,0.0,0.0,0.0,0.0,0.0,0.0,0.0,0.0,0.0,0.0,0.0,0.0,0.0,0.0,0.0,0.0,0.0,0.0,0.0,0.0,0.0,0.0,0.0,0.0,0.0,0.0,0.0,0.0,0.0,0.0,0.0,0.0,0.0,0.0,0.0,0.0,0.0,0.0,0.0
2.0,1024.3037685673467,1256.9487,1256.9487,1256.9487,1256.9487,1256.9487,1256.9487,1256.9487,1256.9487,1256.9487,1256.9487,1256.9487,1256.9487,1256.9487,1256.9487,1256.9487,1256.9487,1256.9487,1256.9487,1256.9487,1256.9487,1256.9487,1256.9487,1256.9487,1256.9487,1256.9487,1256.9487,1256.9487,1256.9487,1256.9487,1256.9487,1256.9487,1256.9487,1256.9487,1256.9487,1256.9487,1256.9487,1256.9487,1256.9487,1256.9487,1256.9487,1256.9487,1256.9487,1256.9487,1256.9487,1256.9487,1256.9487,1256.9487,1256.9487,1256.9487,1256.9487,1256.9487,1256.9487,1256.9487,1256.9487,1256.9487,1256.9487,1256.9487,1256.9487,1256.9487,1256.9487
3.0,-300.2762044476568,0.0,0.0,0.0,0.0,0.0,0.0,0.0,0.0,0.0,0.0,0.0,0.0,0.0,0.0,0.0,0.0,0.0,0.0,0.0,0.0,0.0,0.0,0.0,0.0,0.0,0.0,0.0,0.0,0.0,0.0,0.0,0.0,0.0,0.0,0.0,0.0,0.0,0.0,0.0,0.0,0.0,0.0,0.0,0.0,0.0,0.0,0.0,0.0,0.0,0.0,0.0,0.0,0.0,0.0,0.0,0.0,0.0,0.0,0.0,0.0
3.0,438.70284937803376,0.0,0.0,0.0,0.0,0.0,0.0,0.0,0.0,0.0,0.0,0.0,0.0,0.0,0.0,0.0,0.0,0.0,0.0,0.0,0.0,0.0,0.0,0.0,0.0,0.0,0.0,0.0,0.0,0.0,0.0,0.0,0.0,0.0,0.0,0.0,0.0,0.0,0.0,0.0,0.0,0.0,0.0,0.0,0.0,0.0,0.0,0.0,0.0,0.0,0.0,0.0,0.0,0.0,0.0,0.0,0.0,0.0,0.0,0.0,0.0
3.0,-401.03597608371524,0.0,0.0,0.0,0.0,0.0,0.0,0.0,0.0,0.0,0.0,0.0,0.0,0.0,0.0,0.0,0.0,0.0,0.0,0.0,0.0,0.0,0.0,0.0,0.0,0.0,0.0,0.0,0.0,0.0,0.0,0.0,0.0,0.0,0.0,0.0,0.0,0.0,0.0,0.0,0.0,0.0,0.0,0.0,0.0,0.0,0.0,0.0,0.0,0.0,0.0,0.0,0.0,0.0,0.0,0.0,0.0,0.0,0.0,0.0,0.0
3.0,947.6342400522979,1256.9487,1256.9487,1256.9487,1256.9487,1256.9487,1256.9487,1256.9487,1256.9487,1256.9487,1256.9487,1256.9487,1256.9487,1256.9487,1256.9487,1256.9487,1256.9487,1256.9487,1256.9487,1256.9487,1256.9487,1256.9487,1256.9487,1256.9487,1256.9487,1256.9487,1256.9487,1256.9487,1256.9487,1256.9487,1256.9487,1256.9487,1256.9487,1256.9487,1256.9487,1256.9487,1256.9487,1256.9487,1256.9487,1256.9487,1256.9487,1256.9487,1256.9487,1256.9487,1256.9487,1256.9487,1256.9487,1256.9487,1256.9487,1256.9487,1256.9487,1256.9487,1256.9487,1256.9487,1256.9487,1256.9487,1256.9487,1256.9487,1256.9487,1256.9487,1256.9487
4.0,-172.58964220092088,0.0,250.0,-250.0,-125.0,375.0,-250.0,-250.0,-250.0,-250.0,-250.0,-250.0,-250.0,-250.0,-250.0,-250.0,-250.0,-250.0,-250.0,-250.0,-250.0,-250.0,-250.0,-250.0,-250.0,-250.0,-250.0,-250.0,-250.0,-250.0,-250.0,-250.0,-250.0,-250.0,-250.0,-250.0,-250.0,-250.0,-250.0,-250.0,-250.0,-250.0,-250.0,-250.0,-250.0,-250.0,-250.0,-250.0,-250.0,-250.0,-250.0,-250.0,-250.0,-250.0,-250.0,-250.0,-250.0,-250.0,-250.0,-250.0,-250.0
4.0,-392.89217499493424,0.0,-250.0,250.0,-125.0,375.0,250.0,250.0,250.0,250.0,250.0,250.0,250.0,250.0,250.0,250.0,250.0,250.0,250.0,250.0,250.0,250.0,250.0,250.0,250.0,250.0,250.0,250.0,250.0,250.0,250.0,250.0,250.0,250.0,250.0,250.0,250.0,250.0,250.0,250.0,250.0,250.0,250.0,250.0,250.0,250.0,250.0,250.0,250.0,250.0,250.0,250.0,250.0,250.0,250.0,250.0,250.0,250.0,250.0,250.0,250.0
4.0,181.786830396043,0.0,-250.0,250.0,125.0,-375.0,250.0,250.0,250.0,250.0,250.0,250.0,250.0,250.0,250.0,250.0,250.0,250.0,250.0,250.0,250.0,250.0,250.0,250.0,250.0,250.0,250.0,250.0,250.0,250.0,250.0,250.0,250.0,250.0,250.0,250.0,250.0,250.0,250.0,250.0,250.0,250.0,250.0,250.0,250.0,250.0,250.0,250.0,250.0,250.0,250.0,250.0,250.0,250.0,250.0,250.0,250.0,250.0,250.0,250.0,250.0
4.0,1530.5085631622846,1256.9487,1231.1385133965798,1282.75888660342,1134.0762824117014,1072.1303899312986,1282.75888660342,1282.75888660342,1282.75888660342,1282.75888660342,1282.75888660342,1282.75888660342,1282.75888660342,1282.75888660342,1282.75888660342,1282.75888660342,1282.75888660342,1282.75888660342,1282.75888660342,1282.75888660342,1282.75888660342,1282.75888660342,1282.75888660342,1282.75888660342,1282.75888660342,1282.75888660342,1282.75888660342,1282.75888660342,1282.75888660342,1282.75888660342,1282.75888660342,1282.75888660342,1282.75888660342,1282.75888660342,1282.75888660342,1282.75888660342,1282.75888660342,1282.75888660342,1282.75888660342,1282.75888660342,1282.75888660342,1282.75888660342,1282.75888660342,1282.75888660342,1282.75888660342,1282.75888660342,1282.75888660342,1282.75888660342,1282.75888660342,1282.75888660342,1282.75888660342,1282.75888660342,1282.75888660342,1282.75888660342,1282.75888660342,1282.75888660342,1282.75888660342,1282.75888660342,1282.75888660342,1282.75888660342,1282.75888660342
5.0,-494.67658418750847,0.0,0.0,0.0,0.0,0.0,0.0,0.0,0.0,0.0,0.0,0.0,0.0,0.0,0.0,0.0,0.0,0.0,0.0,0.0,0.0,0.0,0.0,0.0,0.0,0.0,0.0,0.0,0.0,0.0,0.0,0.0,0.0,0.0,0.0,0.0,0.0,0.0,0.0,0.0,0.0,0.0,0.0,0.0,0.0,0.0,0.0,0.0,0.0,0.0,250.0,0.0,0.0,0.0,0.0,0.0,0.0,0.0,0.0,-250.0,-250.0
5.0,-282.07457487005024,0.0,0.0,0.0,0.0,0.0,0.0,0.0,0.0,0.0,0.0,0.0,0.0,0.0,0.0,0.0,0.0,0.0,0.0,0.0,0.0,0.0,0.0,0.0,0.0,0.0,0.0,0.0,0.0,0.0,0.0,0.0,0.0,0.0,0.0,0.0,0.0,0.0,0.0,0.0,0.0,0.0,0.0,0.0,0.0,0.0,0.0,0.0,0.0,0.0,-250.0,0.0,0.0,0.0,0.0,0.0,0.0,0.0,0.0,250.0,250.0
5.0,-461.64746037330053,0.0,0.0,0.0,0.0,0.0,0.0,0.0,0.0,0.0,0.0,0.0,0.0,0.0,0.0,0.0,0.0,0.0,0.0,0.0,0.0,0.0,0.0,0.0,0.0,0.0,0.0,0.0,0.0,0.0,0.0,0.0,0.0,0.0,0.0,0.0,0.0,0.0,0.0,0.0,0.0,0.0,0.0,0.0,0.0,0.0,0.0,0.0,0.0,0.0,-250.0,0.0,0.0,0.0,0.0,0.0,0.0,0.0,0.0,250.0,250.0
5.0,1108.1769162226954,1256.9487,1256.9487,1256.9487,1256.9487,1256.9487,1256.9487,1256.9487,1256.9487,1256.9487,1256.9487,1256.9487,1256.9487,1256.9487,1256.9487,1256.9487,1256.9487,1256.9487,1256.9487,1256.9487,1256.9487,1256.9487,1256.9487,1256.9487,1256.9487,1256.9487,1256.9487,1256.9487,1256.9487,1256.9487,1256.9487,1256.9487,1256.9487,1256.9487,1256.9487,1256.9487,1256.9487,1256.9487,1256.9487,1256.9487,1256.9487,1256.9487,1256.9487,1256.9487,1256.9487,1256.9487,1256.9487,1256.9487,1256.9487,1256.9487,1231.1385133965798,1256.9487,1256.9487,1256.9487,1256.9487,1256.9487,1256.9487,1256.9487,1256.9487,1282.75888660342,1282.75888660342
6.0,-15.44139638745446,0.0,250.0,-250.0,-250.0,-250.0,-250.0,-250.0,-250.0,-250.0,-250.0,-250.0,-250.0,-250.0,-250.0,-250.0,-250.0,-250.0,-250.0,-250.0,-250.0,-250.0,-125.0,-250.0,-250.0,-250.0,-250.0,-250.0,-250.0,-250.0,-250.0,-250.0,-250.0,-250.0,-250.0,-250.0,-250.0,-250.0,-250.0,-250.0,-250.0,-250.0,-250.0,-250.0,-250.0,-250.0,-250.0,-250.0,-250.0,-250.0,-250.0,-250.0,-250.0,-250.0,-250.0,-250.0,-250.0,-250.0,-250.0,-250.0,-250.0
6.0,68.51111775768584,0.0,-250.0,250.0,250.0,250.0,250.0,250.0,250.0,250.0,250.0,250.0,250.0,250.0,250.0,250.0,250.0,250.0,250.0,250.0,250.0,250.0,-125.0,250.0,250.0,250.0,250.0,250.0,250.0,250.0,250.0,250.0,250.0,250.0,250.0,250.0,250.0,250.0,250.0,250.0,250.0,250.0,250.0,250.0,250.0,250.0,250.0,250.0,250.0,250.0,250.0,250.0,250.0,250.0,250.0,250.0,250.0,250.0,250.0,250.0,250.0
6.0,133.88998381858266,0.0,-250.0,250.0,250.0,250.0,250.0,250.0,250.0,250.0,250.0,250.0,250.0,250.0,250.0,250.0,250.0,250.0,250.0,250.0,250.0,250.0,125.0,250.0,250.0,250.0,250.0,250.0,250.0,250.0,250.0,250.0,250.0,250.0,250.0,250.0,250.0,250.0,250.0,250.0,250.0,250.0,250.0,250.0,250.0,250.0,250.0,250.0,250.0,250.0,250.0,250.0,250.0,250.0,250.0,250.0,250.0,250.0,250.0,250.0,250.0
6.0,1295.8562706292955,1256.9487,1231.1385133965798,1282.75888660342,1282.75888660342,1282.75888660342,1282.75888660342,1282.75888660342,1282.75888660342,1282.75888660342,1282.75888660342,1282.75888660342,1282.75888660342,1282.75888660342,1282.75888660342,1282.75888660342,1282.75888660342,1282.75888660342,1282.75888660342,1282.75888660342,1282.75888660342,1282.75888660342,1134.0762824117014,1282.75888660342,1282.75888660342,1282.75888660342,1282.75888660342,1282.75888660342,1282.75888660342,1282.75888660342,1282.75888660342,1282.75888660342,1282.75888660342,1282.75888660342,1282.75888660342,1282.75888660342,1282.75888660342,1282.75888660342,1282.75888660342,1282.75888660342,1282.75888660342,1282.75888660342,1282.75888660342,1282.75888660342,1282.75888660342,1282.75888660342,1282.75888660342,1282.75888660342,1282.75888660342,1282.75888660342,1282.75888660342,1282.75888660342,1282.75888660342,1282.75888660342,1282.75888660342,1282.75888660342,1282.75888660342,1282.75888660342,1282.75888660342,1282.75888660342,1282.75888660342
7.0,23.583687142106328,0.0,250.0,-250.0,-125.0,-250.0,-250.0,-250.0,-250.0,-250.0,-250.0,-250.0,-250.0,-250.0,-250.0,-250.0,-250.0,-250.0,-250.0,375.0,-250.0,-250.0,-250.0,-250.0,-250.0,-250.0,-250.0,-250.0,-250.0,-250.0,-250.0,-250.0,-250.0,-250.0,-250.0,-250.0,-250.0,-250.0,-250.0,-250.0,-250.0,-250.0,-250.0,-250.0,-250.0,-250.0,-250.0,-250.0,-250.0,-250.0,-250.0,-250.0,-250.0,-250.0,-250.0,-250.0,-250.0,-250.0,-250.0,-250.0,-250.0
7.0,-262.56136421515487,0.0,-250.0,250.0,-125.0,250.0,250.0,250.0,250.0,250.0,250.0,250.0,250.0,250.0,250.0,250.0,250.0,250.0,250.0,375.0,250.0,250.0,250.0,250.0,250.0,250.0,250.0,250.0,250.0,250.0,250.0,250.0,250.0,250.0,250.0,250.0,250.0,250.0,250.0,250.0,250.0,250.0,250.0,250.0,250.0,250.0,250.0,250.0,250.0,250.0,250.0,250.0,250.0,250.0,250.0,250.0,250.0,250.0,250.0,250.0,250.0
7.0,299.39724910035625,0.0,-250.0,250.0,125.0,250.0,250.0,250.0,250.0,250.0,250.0,250.0,250.0,250.0,250.0,250.0,250.0,250.0,250.0,-375.0,250.0,250.0,250.0,250.0,250.0,250.0,250.0,250.0,250.0,250.0,250.0,250.0,250.0,250.0,250.0,250.0,250.0,250.0,250.0,250.0,250.0,250.0,250.0,250.0,250.0,250.0,250.0,250.0,250.0,250.0,250.0,250.0,250.0,250.0,250.0,250.0,250.0,250.0,250.0,250.0,250.0
7.0,1454.6915267172262,1256.9487,1231.1385133965798,1282.75888660342,1134.0762824117014,1282.75888660342,1282.75888660342,1282.75888660342,1282.75888660342,1282.75888660342,1282.75888660342,1282.75888660342,1282.75888660342,1282.75888660342,1282.75888660342,1282.75888660342,1282.75888660342,1282.75888660342,1282.75888660342,1072.1303899312986,1282.75888660342,1282.75888660342,1282.75888660342,1282.75888660342,1282.75888660342,1282.75888660342,1282.75888660342,1282.75888660342,1282.75888660342,1282.75888660342,1282.75888660342,1282.75888660342,1282.75888660342,1282.75888660342,1282.75888660342,1282.75888660342,1282.75888660342,1282.75888660342,1282.75888660342,1282.75888660342,1282.75888660342,1282.75888660342,1282.75888660342,1282.75888660342,1282.75888660342,1282.75888660342,1282.75888660342,1282.75888660342,1282.75888660342,1282.75888660342,1282.75888660342,1282.75888660342,1282.75888660342,1282.75888660342,1282.75888660342,1282.75888660342,1282.75888660342,1282.75888660342,1282.75888660342,1282.75888660342,1282.75888660342
8.0,0.03975429116633222,0.0,250.0,-250.0,-125.0,-250.0,-250.0,-250.0,-250.0,-250.0,-250.0,375.0,-250.0,-250.0,-250.0,-250.0,-250.0,-250.0,-250.0,-250.0,-250.0,-250.0,-250.0,-250.0,-250.0,-250.0,-250.0,-250.0,-250.0,-250.0,-250.0,-250.0,-250.0,-250.0,-250.0,-250.0,-250.0,-250.0,-250.0,-250.0,-250.0,-250.0,-250.0,-250.0,-250.0,-250.0,-250.0,-250.0,-250.0,-250.0,-250.0,-250.0,-250.0,-250.0,-250.0,-250.0,-250.0,-250.0,-250.0,-250.0,-250.0
8.0,-377.75511966115573,0.0,-250.0,250.0,-125.0,250.0,250.0,250.0,250.0,250.0,250.0,375.0,250.0,250.0,250.0,250.0,250.0,250.0,250.0,250.0,250.0,250.0,250.0,250.0,250.0,250.0,250.0,250.0,250.0,250.0,250.0,250.0,250.0,250.0,250.0,250.0,250.0,250.0,250.0,250.0,250.0,250.0,250.0,250.0,250.0,250.0,250.0,250.0,250.0,250.0,250.0,250.0,250.0,250.0,250.0,250.0,250.0,250.0,250.0,250.0,250.0
8.0,16.040475540354578,0.0,-250.0,250.0,125.0,250.0,250.0,250.0,250.0,250.0,250.0,-375.0,250.0,250.0,250.0,250.0,250.0,250.0,250.0,250.0,250.0,250.0,250.0,250.0,250.0,250.0,250.0,250.0,250.0,250.0,250.0,250.0,250.0,250.0,250.0,250.0,250.0,250.0,250.0,250.0,250.0,250.0,250.0,250.0,250.0,250.0,250.0,250.0,250.0,250.0,250.0,250.0,250.0,250.0,250.0,250.0,250.0,250.0,250.0,250.0,250.0
8.0,1478.1597870436635,1256.9487,1231.1385133965798,1282.75888660342,1134.0762824117014,1282.75888660342,1282.75888660342,1282.75888660342,1282.75888660342,1282.75888660342,1282.75888660342,1072.1303899312986,1282.75888660342,1282.75888660342,1282.75888660342,1282.75888660342,1282.75888660342,1282.75888660342,1282.75888660342,1282.75888660342,1282.75888660342,1282.75888660342,1282.75888660342,1282.75888660342,1282.75888660342,1282.75888660342,1282.75888660342,1282.75888660342,1282.75888660342,1282.75888660342,1282.75888660342,1282.75888660342,1282.75888660342,1282.75888660342,1282.75888660342,1282.75888660342,1282.75888660342,1282.75888660342,1282.75888660342,1282.75888660342,1282.75888660342,1282.75888660342,1282.75888660342,1282.75888660342,1282.75888660342,1282.75888660342,1282.75888660342,1282.75888660342,1282.75888660342,1282.75888660342,1282.75888660342,1282.75888660342,1282.75888660342,1282.75888660342,1282.75888660342,1282.75888660342,1282.75888660342,1282.75888660342,1282.75888660342,1282.75888660342,1282.75888660342
9.0,-456.0942608333156,0.0,250.0,-250.0,-125.0,375.0,-250.0,-250.0,-250.0,-250.0,-250.0,-250.0,-250.0,-250.0,-250.0,-250.0,-250.0,-250.0,-250.0,-250.0,-250.0,-250.0,-250.0,-250.0,-250.0,-250.0,-250.0,-250.0,-250.0,-250.0,-250.0,-250.0,-250.0,-250.0,-250.0,-250.0,-250.0,-250.0,-250.0,-250.0,-250.0,-250.0,-250.0,-250.0,-250.0,-250.0,-250.0,-250.0,-250.0,-250.0,-250.0,-250.0,-250.0,-250.0,-250.0,-250.0,-250.0,-250.0,-250.0,-250.0,-250.0
9.0,-331.24083627511106,0.0,-250.0,250.0,-125.0,375.0,250.0,250.0,250.0,250.0,250.0,250.0,250.0,250.0,250.0,250.0,250.0,250.0,250.0,250.0,250.0,250.0,250.0,250.0,250.0,250.0,250.0,250.0,250.0,250.0,250.0,250.0,250.0,250.0,250.0,250.0,250.0,250.0,250.0,250.0,250.0,250.0,250.0,250.0,250.0,250.0,250.0,250.0,250.0,250.0,250.0,250.0,250.0,250.0,250.0,250.0,250.0,250.0,250.0,250.0,250.0
9.0,-201.84811809017532,0.0,-250.0,250.0,125.0,-375.0,250.0,250.0,250.0,250.0,250.0,250.0,250.0,250.0,250.0,250.0,250.0,250.0,250.0,250.0,250.0,250.0,250.0,250.0,250.0,250.0,250.0,250.0,250.0,250.0,250.0,250.0,250.0,250.0,250.0,250.0,250.0,250.0,250.0,250.0,250.0,250.0,250.0,250.0,250.0,250.0,250.0,250.0,250.0,250.0,250.0,250.0,250.0,250.0,250.0,250.0,250.0,250.0,250.0,250.0,250.0
9.0,1528.4269167752495,1256.9487,1231.1385133965798,1282.75888660342,1134.0762824117014,1072.1303899312986,1282.75888660342,1282.75888660342,1282.75888660342,1282.75888660342,1282.75888660342,1282.75888660342,1282.75888660342,1282.75888660342,1282.75888660342,1282.75888660342,1282.75888660342,1282.75888660342,1282.75888660342,1282.75888660342,1282.75888660342,1282.75888660342,1282.75888660342,1282.75888660342,1282.75888660342,1282.75888660342,1282.75888660342,1282.75888660342,1282.75888660342,1282.75888660342,1282.75888660342,1282.75888660342,1282.75888660342,1282.75888660342,1282.75888660342,1282.75888660342,1282.75888660342,1282.75888660342,1282.75888660342,1282.75888660342,1282.75888660342,1282.75888660342,1282.75888660342,1282.75888660342,1282.75888660342,1282.75888660342,1282.75888660342,1282.75888660342,1282.75888660342,1282.75888660342,1282.75888660342,1282.75888660342,1282.75888660342,1282.75888660342,1282.75888660342,1282.75888660342,1282.75888660342,1282.75888660342,1282.75888660342,1282.75888660342,1282.75888660342
10.0,-126.72614122328008,0.0,0.0,0.0,0.0,0.0,0.0,0.0,0.0,0.0,0.0,0.0,0.0,0.0,0.0,0.0,0.0,0.0,0.0,0.0,0.0,0.0,0.0,0.0,0.0,0.0,0.0,0.0,0.0,0.0,0.0,0.0,0.0,0.0,0.0,0.0,0.0,0.0,0.0,0.0,0.0,0.0,0.0,0.0,0.0,0.0,0.0,0.0,0.0,0.0,0.0,0.0,0.0,0.0,0.0,0.0,0.0,0.0,0.0,0.0,0.0
10.0,-287.66143124313925,0.0,0.0,0.0,0.0,0.0,0.0,0.0,0.0,0.0,0.0,0.0,0.0,0.0,0.0,0.0,0.0,0.0,0.0,0.0,0.0,0.0,0.0,0.0,0.0,0.0,0.0,0.0,0.0,0.0,0.0,0.0,0.0,0.0,0.0,0.0,0.0,0.0,0.0,0.0,0.0,0.0,0.0,0.0,0.0,0.0,0.0,0.0,0.0,0.0,0.0,0.0,0.0,0.0,0.0,0.0,0.0,0.0,0.0,0.0,0.0
10.0,39.12043661076609,0.0,0.0,0.0,0.0,0.0,0.0,0.0,0.0,0.0,0.0,0.0,0.0,0.0,0.0,0.0,0.0,0.0,0.0,0.0,0.0,0.0,0.0,0.0,0.0,0.0,0.0,0.0,0.0,0.0,0.0,0.0,0.0,0.0,0.0,0.0,0.0,0.0,0.0,0.0,0.0,0.0,0.0,0.0,0.0,0.0,0.0,0.0,0.0,0.0,0.0,0.0,0.0,0.0,0.0,0.0,0.0,0.0,0.0,0.0,0.0
10.0,862.4309758920596,1256.9487,1256.9487,1256.9487,1256.9487,1256.9487,1256.9487,1256.9487,1256.9487,1256.9487,1256.9487,1256.9487,1256.9487,1256.9487,1256.9487,1256.9487,1256.9487,1256.9487,1256.9487,1256.9487,1256.9487,1256.9487,1256.9487,1256.9487,1256.9487,1256.9487,1256.9487,1256.9487,1256.9487,1256.9487,1256.9487,1256.9487,1256.9487,1256.9487,1256.9487,1256.9487,1256.9487,1256.9487,1256.9487,1256.9487,1256.9487,1256.9487,1256.9487,1256.9487,1256.9487,1256.9487,1256.9487,1256.9487,1256.9487,1256.9487,1256.9487,1256.9487,1256.9487,1256.9487,1256.9487,1256.9487,1256.9487,1256.9487,1256.9487,1256.9487,1256.9487
11.0,-299.3155080544526,0.0,0.0,0.0,0.0,0.0,0.0,0.0,0.0,0.0,0.0,0.0,0.0,0.0,0.0,0.0,0.0,0.0,0.0,0.0,0.0,0.0,0.0,0.0,0.0,0.0,0.0,0.0,0.0,0.0,0.0,0.0,0.0,0.0,0.0,0.0,0.0,0.0,0.0,0.0,0.0,0.0,0.0,0.0,0.0,0.0,0.0,0.0,0.0,0.0,0.0,0.0,0.0,0.0,0.0,0.0,0.0,0.0,0.0,0.0,0.0
11.0,-4.674909984032752,0.0,0.0,0.0,0.0,0.0,0.0,0.0,0.0,0.0,0.0,0.0,0.0,0.0,0.0,0.0,0.0,0.0,0.0,0.0,0.0,0.0,0.0,0.0,0.0,0.0,0.0,0.0,0.0,0.0,0.0,0.0,0.0,0.0,0.0,0.0,0.0,0.0,0.0,0.0,0.0,0.0,0.0,0.0,0.0,0.0,0.0,0.0,0.0,0.0,0.0,0.0,0.0,0.0,0.0,0.0,0.0,0.0,0.0,0.0,0.0
11.0,-271.7816684564867,0.0,0.0,0.0,0.0,0.0,0.0,0.0,0.0,0.0,0.0,0.0,0.0,0.0,0.0,0.0,0.0,0.0,0.0,0.0,0.0,0.0,0.0,0.0,0.0,0.0,0.0,0.0,0.0,0.0,0.0,0.0,0.0,0.0,0.0,0.0,0.0,0.0,0.0,0.0,0.0,0.0,0.0,0.0,0.0,0.0,0.0,0.0,0.0,0.0,0.0,0.0,0.0,0.0,0.0,0.0,0.0,0.0,0.0,0.0,0.0
11.0,770.8660867645456,1256.9487,1256.9487,1256.9487,1256.9487,1256.9487,1256.9487,1256.9487,1256.9487,1256.9487,1256.9487,1256.9487,1256.9487,1256.9487,1256.9487,1256.9487,1256.9487,1256.9487,1256.9487,1256.9487,1256.9487,1256.9487,1256.9487,1256.9487,1256.9487,1256.9487,1256.9487,1256.9487,1256.9487,1256.9487,1256.9487,1256.9487,1256.9487,1256.9487,1256.9487,1256.9487,1256.9487,1256.9487,1256.9487,1256.9487,1256.9487,1256.9487,1256.9487,1256.9487,1256.9487,1256.9487,1256.9487,1256.9487,1256.9487,1256.9487,1256.9487,1256.9487,1256.9487,1256.9487,1256.9487,1256.9487,1256.9487,1256.9487,1256.9487,1256.9487,1256.9487
12.0,-53.27906556353247,0.0,250.0,-250.0,-250.0,-250.0,-125.0,-250.0,-250.0,-250.0,-250.0,-250.0,-250.0,-250.0,-250.0,-250.0,-250.0,-250.0,-250.0,-250.0,-250.0,-250.0,-250.0,-250.0,-250.0,-250.0,-250.0,-250.0,-250.0,-250.0,-250.0,-250.0,-250.0,-250.0,-250.0,-250.0,-250.0,-250.0,-250.0,-250.0,-250.0,-250.0,-250.0,-250.0,-250.0,-250.0,-250.0,-250.0,-250.0,-250.0,-250.0,-250.0,-250.0,-250.0,-250.0,375.0,-250.0,-250.0,-250.0,-250.0,-250.0
12.0,-359.94140495307,0.0,-250.0,250.0,250.0,250.0,-125.0,250.0,250.0,250.0,250.0,250.0,250.0,250.0,250.0,250.0,250.0,250.0,250.0,250.0,250.0,250.0,250.0,250.0,250.0,250.0,250.0,250.0,250.0,250.0,250.0,250.0,250.0,250.0,250.0,250.0,250.0,250.0,250.0,250.0,250.0,250.0,250.0,250.0,250.0,250.0,250.0,250.0,250.0,250.0,250.0,250.0,250.0,250.0,250.0,375.0,250.0,250.0,250.0,250.0,250.0
12.0,-247.0123051369445,0.0,-250.0,250.0,250.0,250.0,125.0,250.0,250.0,250.0,250.0,250.0,250.0,250.0,250.0,250.0,250.0,250.0,250.0,250.0,250.0,250.0,250.0,250.0,250.0,250.0,250.0,250.0,250.0,250.0,250.0,250.0,250.0,250.0,250.0,250.0,250.0,250.0,250.0,250.0,250.0,250.0,250.0,250.0,250.0,250.0,250.0,250.0,250.0,250.0,250.0,250.0,250.0,250.0,250.0,-375.0,250.0,250.0,250.0,250.0,250.0
12.0,1344.1047611847162,1256.9487,1231.1385133965798,1282.75888660342,1282.75888660342,1282.75888660342,1134.0762824117014,1282.75888660342,1282.75888660342,1282.75888660342,1282.75888660342,1282.75888660342,1282.75888660342,1282.75888660342,1282.75888660342,1282.75888660342,1282.75888660342,1282.75888660342,1282.75888660342,1282.75888660342,1282.75888660342,1282.75888660342,1282.75888660342,1282.75888660342,1282.75888660342,1282.75888660342,1282.75888660342,1282.75888660342,1282.75888660342,1282.75888660342,1282.75888660342,1282.75888660342,1282.75888660342,1282.75888660342,1282.75888660342,1282.75888660342,1282.75888660342,1282.75888660342,1282.75888660342,1282.75888660342,1282.75888660342,1282.75888660342,1282.75888660342,1282.75888660342,1282.75888660342,1282.75888660342,1282.75888660342,1282.75888660342,1282.75888660342,1282.75888660342,1282.75888660342,1282.75888660342,1282.75888660342,1282.75888660342,1282.75888660342,1072.1303899312986,1282.75888660342,1282.75888660342,1282.75888660342,1282.75888660342,1282.75888660342
13.0,-282.34836579810496,0.0,0.0,0.0,0.0,0.0,0.0,0.0,0.0,0.0,0.0,0.0,0.0,0.0,0.0,0.0,0.0,0.0,0.0,0.0,0.0,0.0,0.0,0.0,0.0,0.0,0.0,0.0,0.0,0.0,0.0,0.0,0.0,0.0,0.0,0.0,0.0,0.0,0.0,0.0,0.0,0.0,0.0,0.0,0.0,0.0,0.0,0.0,0.0,0.0,0.0,0.0,0.0,0.0,0.0,0.0,0.0,0.0,0.0,0.0,0.0
13.0,-118.68094878448744,0.0,0.0,0.0,0.0,0.0,0.0,0.0,0.0,0.0,0.0,0.0,0.0,0.0,0.0,0.0,0.0,0.0,0.0,0.0,0.0,0.0,0.0,0.0,0.0,0.0,0.0,0.0,0.0,0.0,0.0,0.0,0.0,0.0,0.0,0.0,0.0,0.0,0.0,0.0,0.0,0.0,0.0,0.0,0.0,0.0,0.0,0.0,0.0,0.0,0.0,0.0,0.0,0.0,0.0,0.0,0.0,0.0,0.0,0.0,0.0
13.0,249.77314750206688,0.0,0.0,0.0,0.0,0.0,0.0,0.0,0.0,0.0,0.0,0.0,0.0,0.0,0.0,0.0,0.0,0.0,0.0,0.0,0.0,0.0,0.0,0.0,0.0,0.0,0.0,0.0,0.0,0.0,0.0,0.0,0.0,0.0,0.0,0.0,0.0,0.0,0.0,0.0,0.0,0.0,0.0,0.0,0.0,0.0,0.0,0.0,0.0,0.0,0.0,0.0,0.0,0.0,0.0,0.0,0.0,0.0,0.0,0.0,0.0
13.0,911.8607421742933,1256.9487,1256.9487,1256.9487,1256.9487,1256.9487,1256.9487,1256.9487,1256.9487,1256.9487,1256.9487,1256.9487,1256.9487,1256.9487,1256.9487,1256.9487,1256.9487,1256.9487,1256.9487,1256.9487,1256.9487,1256.9487,1256.9487,1256.9487,1256.9487,1256.9487,1256.9487,1256.9487,1256.9487,1256.9487,1256.9487,1256.9487,1256.9487,1256.9487,1256.9487,1256.9487,1256.9487,1256.9487,1256.9487,1256.9487,1256.9487,1256.9487,1256.9487,1256.9487,1256.9487,1256.9487,1256.9487,1256.9487,1256.9487,1256.9487,1256.9487,1256.9487,1256.9487,1256.9487,1256.9487,1256.9487,1256.9487,1256.9487,1256.9487,1256.9487,1256.9487
14.0,321.39035399918134,0.0,250.0,-250.0,-125.0,375.0,-250.0,-250.0,-250.0,-250.0,-250.0,-250.0,-250.0,-250.0,-250.0,-250.0,-250.0,-250.0,-250.0,-250.0,-250.0,-250.0,-250.0,-250.0,-250.0,-250.0,-250.0,-250.0,-250.0,-250.0,-250.0,-250.0,-250.0,-250.0,-250.0,-250.0,-250.0,-250.0,-250.0,-250.0,-250.0,-250.0,-250.0,-250.0,-250.0,-250.0,-250.0,-250.0,-250.0,-250.0,-250.0,-250.0,-250.0,-250.0,-250.0,-250.0,-250.0,-250.0,-250.0,-250.0,-250.0
14.0,-137.15077654301075,0.0,-250.0,250.0,-125.0,375.0,250.0,250.0,250.0,250.0,250.0,250.0,250.0,250.0,250.0,250.0,250.0,250.0,250.0,250.0,250.0,250.0,250.0,250.0,250.0,250.0,250.0,250.0,250.0,250.0,250.0,250.0,250.0,250.0,250.0,250.0,250.0,250.0,250.0,250.0,250.0,250.0,250.0,250.0,250.0,250.0,250.0,250.0,250.0,250.0,250.0,250.0,250.0,250.0,250.0,250.0,250.0,250.0,250.0,250.0,250.0
14.0,342.01994469353485,0.0,-250.0,250.0,125.0,-375.0,250.0,250.0,250.0,250.0,250.0,250.0,250.0,250.0,250.0,250.0,250.0,250.0,250.0,250.0,250.0,250.0,250.0,250.0,250.0,250.0,250.0,250.0,250.0,250.0,250.0,250.0,250.0,250.0,250.0,250.0,250.0,250.0,250.0,250.0,250.0,250.0,250.0,250.0,250.0,250.0,250.0,250.0,250.0,250.0,250.0,250.0,250.0,250.0,250.0,250.0,250.0,250.0,250.0,250.0,250.0
14.0,1528.6940957845454,1256.9487,1231.1385133965798,1282.75888660342,1134.0762824117014,1072.1303899312986,1282.75888660342,1282.75888660342,1282.75888660342,1282.75888660342,1282.75888660342,1282.75888660342,1282.75888660342,1282.75888660342,1282.75888660342,1282.75888660342,1282.75888660342,1282.75888660342,1282.75888660342,1282.75888660342,1282.75888660342,1282.75888660342,1282.75888660342,1282.75888660342,1282.75888660342,1282.75888660342,1282.75888660342,1282.75888660342,1282.75888660342,1282.75888660342,1282.75888660342,1282.75888660342,1282.75888660342,1282.75888660342,1282.75888660342,1282.75888660342,1282.75888660342,1282.75888660342,1282.75888660342,1282.75888660342,1282.75888660342,1282.75888660342,1282.75888660342,1282.75888660342,1282.75888660342,1282.75888660342,1282.75888660342,1282.75888660342,1282.75888660342,1282.75888660342,1282.75888660342,1282.75888660342,1282.75888660342,1282.75888660342,1282.75888660342,1282.75888660342,1282.75888660342,1282.75888660342,1282.75888660342,1282.75888660342,1282.75888660342
15.0,150.9470164532405,0.0,0.0,0.0,0.0,0.0,0.0,0.0,0.0,0.0,0.0,0.0,0.0,0.0,0.0,0.0,0.0,0.0,0.0,0.0,0.0,0.0,0.0,0.0,0.0,0.0,0.0,0.0,0.0,0.0,0.0,0.0,0.0,0.0,0.0,0.0,0.0,0.0,0.0,0.0,0.0,0.0,0.0,0.0,0.0,0.0,0.0,0.0,0.0,0.0,0.0,0.0,0.0,0.0,0.0,0.0,0.0,0.0,0.0,0.0,0.0
15.0,390.1060770272453,0.0,0.0,0.0,0.0,0.0,0.0,0.0,0.0,0.0,0.0,0.0,0.0,0.0,0.0,0.0,0.0,0.0,0.0,0.0,0.0,0.0,0.0,0.0,0.0,0.0,0.0,0.0,0.0,0.0,0.0,0.0,0.0,0.0,0.0,0.0,0.0,0.0,0.0,0.0,0.0,0.0,0.0,0.0,0.0,0.0,0.0,0.0,0.0,0.0,0.0,0.0,0.0,0.0,0.0,0.0,0.0,0.0,0.0,0.0,0.0
15.0,401.2366335661435,0.0,0.0,0.0,0.0,0.0,0.0,0.0,0.0,0.0,0.0,0.0,0.0,0.0,0.0,0.0,0.0,0.0,0.0,0.0,0.0,0.0,0.0,0.0,0.0,0.0,0.0,0.0,0.0,0.0,0.0,0.0,0.0,0.0,0.0,0.0,0.0,0.0,0.0,0.0,0.0,0.0,0.0,0.0,0.0,0.0,0.0,0.0,0.0,0.0,0.0,0.0,0.0,0.0,0.0,0.0,0.0,0.0,0.0,0.0,0.0
15.0,621.5652166380569,1256.9487,1256.9487,1256.9487,1256.9487,1256.9487,1256.9487,1256.9487,1256.9487,1256.9487,1256.9487,1256.9487,1256.9487,1256.9487,1256.9487,1256.9487,1256.9487,1256.9487,1256.9487,1256.9487,1256.9487,1256.9487,1256.9487,1256.9487,1256.9487,1256.9487,1256.9487,1256.9487,1256.9487,1256.9487,1256.9487,1256.9487,1256.9487,1256.9487,1256.9487,1256.9487,1256.9487,1256.9487,1256.9487,1256.9487,1256.9487,1256.9487,1256.9487,1256.9487,1256.9487,1256.9487,1256.9487,1256.9487,1256.9487,1256.9487,1256.9487,1256.9487,1256.9487,1256.9487,1256.9487,1256.9487,1256.9487,1256.9487,1256.9487,1256.9487,1256.9487
16.0,-44.976887418501235,0.0,250.0,-250.0,-125.0,375.0,-250.0,-250.0,-250.0,-250.0,-250.0,-250.0,-250.0,-250.0,-250.0,-250.0,-250.0,-250.0,-250.0,-250.0,-250.0,-250.0,-250.0,-250.0,-250.0,-250.0,-250.0,-250.0,-250.0,-250.0,-250.0,-250.0,-250.0,-250.0,-250.0,-250.0,-250.0,-250.0,-250.0,125.0,125.0,125.0,125.0,125.0,125.0,125.0,125.0,125.0,125.0,125.0,125.0,125.0,125.0,125.0,125.0,125.0,125.0,125.0,125.0,125.0,125.0
16.0,63.57332084212328,0.0,-250.0,250.0,-125.0,375.0,250.0,250.0,250.0,250.0,250.0,250.0,250.0,250.0,250.0,250.0,250.0,250.0,250.0,250.0,250.0,250.0,250.0,250.0,250.0,250.0,250.0,250.0,250.0,250.0,250.0,250.0,250.0,250.0,250.0,250.0,250.0,250.0,250.0,-375.0,-375.0,-375.0,-375.0,-375.0,-375.0,-375.0,-375.0,-375.0,-375.0,-375.0,-375.0,-375.0,-375.0,-375.0,-375.0,-375.0,-375.0,-375.0,-375.0,-375.0,-375.0
16.0,-435.53833824459434,0.0,-250.0,250.0,125.0,-375.0,250.0,250.0,250.0,250.0,250.0,250.0,250.0,250.0,250.0,250.0,250.0,250.0,250.0,250.0,250.0,250.0,250.0,250.0,250.0,250.0,250.0,250.0,250.0,250.0,250.0,250.0,250.0,250.0,250.0,250.0,250.0,250.0,250.0,375.0,375.0,375.0,375.0,375.0,375.0,375.0,375.0,375.0,375.0,375.0,375.0,375.0,375.0,375.0,375.0,375.0,375.0,375.0,375.0,375.0,375.0
16.0,1604.6324254669362,1256.9487,1231.1385133965798,1282.75888660342,1134.0762824117014,1072.1303899312986,1282.75888660342,1282.75888660342,1282.75888660342,1282.75888660342,1282.75888660342,1282.75888660342,1282.75888660342,1282.75888660342,1282.75888660342,1282.75888660342,1282.75888660342,1282.75888660342,1282.75888660342,1282.75888660342,1282.75888660342,1282.75888660342,1282.75888660342,1282.75888660342,1282.75888660342,1282.75888660342,1282.75888660342,1282.75888660342,1282.75888660342,1282.75888660342,1282.75888660342,1282.75888660342,1282.75888660342,1282.75888660342,1282.75888660342,1282.75888660342,1282.75888660342,1282.75888660342,1282.75888660342,1379.8211175882984,1379.8211175882984,1379.8211175882984,1379.8211175882984,1379.8211175882984,1379.8211175882984,1379.8211175882984,1379.8211175882984,1379.8211175882984,1379.8211175882984,1379.8211175882984,1379.8211175882984,1379.8211175882984,1379.8211175882984,1379.8211175882984,1379.8211175882984,1379.8211175882984,1379.8211175882984,1379.8211175882984,1379.8211175882984,1379.8211175882984,1379.8211175882984
17.0,-461.2407911763373,0.0,250.0,-250.0,-125.0,375.0,-250.0,-250.0,-250.0,-250.0,-250.0,-250.0,-250.0,-250.0,-250.0,-250.0,-250.0,-250.0,-250.0,-250.0,-250.0,-250.0,-250.0,-250.0,-250.0,-250.0,-250.0,-250.0,-250.0,-250.0,-250.0,-250.0,-250.0,-250.0,-250.0,-250.0,-250.0,-250.0,-250.0,-250.0,-250.0,-250.0,-250.0,-250.0,-250.0,-250.0,-250.0,-250.0,-250.0,-250.0,-250.0,-250.0,-250.0,-250.0,-250.0,-250.0,-250.0,-250.0,-250.0,-250.0,-250.0
17.0,357.14905847246746,0.0,-250.0,250.0,-125.0,375.0,250.0,250.0,250.0,250.0,250.0,250.0,250.0,250.0,250.0,250.0,250.0,250.0,250.0,250.0,250.0,250.0,250.0,250.0,250.0,250.0,250.0,250.0,250.0,250.0,250.0,250.0,250.0,250.0,250.0,250.0,250.0,250.0,250.0,250.0,250.0,250.0,250.0,250.0,250.0,250.0,250.0,250.0,250.0,250.0,250.0,250.0,250.0,250.0,250.0,250.0,250.0,250.0,250.0,250.0,250.0
17.0,-51.82806489227323,0.0,-250.0,250.0,125.0,-375.0,250.0,250.0,250.0,250.0,250.0,250.0,250.0,250.0,250.0,250.0,250.0,250.0,250.0,250.0,250.0,250.0,250.0,250.0,250.0,250.0,250.0,250.0,250.0,250.0,250.0,250.0,250.0,250.0,250.0,250.0,250.0,250.0,250.0,250.0,250.0,250.0,250.0,250.0,250.0,250.0,250.0,250.0,250.0,250.0,250.0,250.0,250.0,250.0,250.0,250.0,250.0,250.0,250.0,250.0,250.0
17.0,1507.6526956309413,1256.9487,1231.1385133965798,1282.75888660342,1134.0762824117014,1072.1303899312986,1282.75888660342,1282.75888660342,1282.75888660342,1282.75888660342,1282.75888660342,1282.75888660342,1282.75888660342,1282.75888660342,1282.75888660342,1282.75888660342,1282.75888660342,1282.75888660342,1282.75888660342,1282.75888660342,1282.75888660342,1282.75888660342,1282.75888660342,1282.75888660342,1282.75888660342,1282.75888660342,1282.75888660342,1282.75888660342,1282.75888660342,1282.75888660342,1282.75888660342,1282.75888660342,1282.75888660342,1282.75888660342,1282.75888660342,1282.75888660342,1282.75888660342,1282.75888660342,1282.75888660342,1282.75888660342,1282.75888660342,1282.75888660342,1282.75888660342,1282.75888660342,1282.75888660342,1282.75888660342,1282.75888660342,1282.75888660342,1282.75888660342,1282.75888660342,1282.75888660342,1282.75888660342,1282.75888660342,1282.75888660342,1282.75888660342,1282.75888660342,1282.75888660342,1282.75888660342,1282.75888660342,1282.75888660342,1282.75888660342
18.0,-356.79872590315665,0.0,250.0,-250.0,-125.0,375.0,125.0,125.0,125.0,125.0,125.0,125.0,125.0,125.0,125.0,125.0,125.0,125.0,125.0,125.0,125.0,125.0,125.0,125.0,125.0,125.0,125.0,125.0,125.0,125.0,125.0,125.0,125.0,125.0,125.0,125.0,125.0,125.0,125.0,125.0,125.0,125.0,125.0,125.0,125.0,125.0,125.0,125.0,125.0,125.0,125.0,125.0,125.0,125.0,125.0,125.0,125.0,125.0,125.0,125.0,125.0
18.0,-452.2078953551578,0.0,-250.0,250.0,-125.0,375.0,-375.0,-375.0,-375.0,-375.0,-375.0,-375.0,-375.0,-375.0,-375.0,-375.0,-375.0,-375.0,-375.0,-375.0,-375.0,-375.0,-375.0,-375.0,-375.0,-375.0,-375.0,-375.0,-375.0,-375.0,-375.0,-375.0,-375.0,-375.0,-375.0,-375.0,-375.0,-375.0,-375.0,-375.0,-375.0,-375.0,-375.0,-375.0,-375.0,-375.0,-375.0,-375.0,-375.0,-375.0,-375.0,-375.0,-375.0,-375.0,-375.0,-375.0,-375.0,-375.0,-375.0,-375.0,-375.0
18.0,284.0440972139378,0.0,-250.0,250.0,125.0,-375.0,375.0,375.0,375.0,375.0,375.0,375.0,375.0,375.0,375.0,375.0,375.0,375.0,375.0,375.0,375.0,375.0,375.0,375.0,375.0,375.0,375.0,375.0,375.0,375.0,375.0,375.0,375.0,375.0,375.0,375.0,375.0,375.0,375.0,375.0,375.0,375.0,375.0,375.0,375.0,375.0,375.0,375.0,375.0,375.0,375.0,375.0,375.0,375.0,375.0,375.0,375.0,375.0,375.0,375.0,375.0
18.0,1830.0202804332985,1256.9487,1231.1385133965798,1282.75888660342,1134.0762824117014,1072.1303899312986,1379.8211175882984,1379.8211175882984,1379.8211175882984,1379.8211175882984,1379.8211175882984,1379.8211175882984,1379.8211175882984,1379.8211175882984,1379.8211175882984,1379.8211175882984,1379.8211175882984,1379.8211175882984,1379.8211175882984,1379.8211175882984,1379.8211175882984,1379.8211175882984,1379.8211175882984,1379.8211175882984,1379.8211175882984,1379.8211175882984,1379.8211175882984,1379.8211175882984,1379.8211175882984,1379.8211175882984,1379.8211175882984,1379.8211175882984,1379.8211175882984,1379.8211175882984,1379.8211175882984,1379.8211175882984,1379.8211175882984,1379.8211175882984,1379.8211175882984,1379.8211175882984,1379.8211175882984,1379.8211175882984,1379.8211175882984,1379.8211175882984,1379.8211175882984,1379.8211175882984,1379.8211175882984,1379.8211175882984,1379.8211175882984,1379.8211175882984,1379.8211175882984,1379.8211175882984,1379.8211175882984,1379.8211175882984,1379.8211175882984,1379.8211175882984,1379.8211175882984,1379.8211175882984,1379.8211175882984,1379.8211175882984,1379.8211175882984
19.0,44.50637581912429,0.0,0.0,0.0,0.0,0.0,0.0,0.0,0.0,0.0,0.0,0.0,0.0,0.0,0.0,0.0,0.0,0.0,0.0,0.0,0.0,0.0,0.0,0.0,0.0,0.0,0.0,0.0,0.0,0.0,0.0,0.0,0.0,0.0,250.0,0.0,0.0,0.0,0.0,0.0,0.0,0.0,0.0,-250.0,-250.0,-250.0,-250.0,-250.0,-250.0,-250.0,-250.0,-250.0,-250.0,-250.0,-250.0,-250.0,-250.0,-250.0,-250.0,-250.0,-250.0
19.0,15.242067696358959,0.0,0.0,0.0,0.0,0.0,0.0,0.0,0.0,0.0,0.0,0.0,0.0,0.0,0.0,0.0,0.0,0.0,0.0,0.0,0.0,0.0,0.0,0.0,0.0,0.0,0.0,0.0,0.0,0.0,0.0,0.0,0.0,0.0,-250.0,0.0,0.0,0.0,0.0,0.0,0.0,0.0,0.0,250.0,250.0,250.0,250.0,250.0,250.0,250.0,250.0,250.0,250.0,250.0,250.0,250.0,250.0,250.0,250.0,250.0,250.0
19.0,172.68861441214426,0.0,0.0,0.0,0.0,0.0,0.0,0.0,0.0,0.0,0.0,0.0,0.0,0.0,0.0,0.0,0.0,0.0,0.0,0.0,0.0,0.0,0.0,0.0,0.0,0.0,0.0,0.0,0.0,0.0,0.0,0.0,0.0,0.0,-250.0,0.0,0.0,0.0,0.0,0.0,0.0,0.0,0.0,250.0,250.0,250.0,250.0,250.0,250.0,250.0,250.0,250.0,250.0,250.0,250.0,250.0,250.0,250.0,250.0,250.0,250.0
19.0,1156.7580404520213,1256.9487,1256.9487,1256.9487,1256.9487,1256.9487,1256.9487,1256.9487,1256.9487,1256.9487,1256.9487,1256.9487,1256.9487,1256.9487,1256.9487,1256.9487,1256.9487,1256.9487,1256.9487,1256.9487,1256.9487,1256.9487,1256.9487,1256.9487,1256.9487,1256.9487,1256.9487,1256.9487,1256.9487,1256.9487,1256.9487,1256.9487,1256.9487,1256.9487,1231.1385133965798,1256.9487,1256.9487,1256.9487,1256.9487,1256.9487,1256.9487,1256.9487,1256.9487,1282.75888660342,1282.75888660342,1282.75888660342,1282.75888660342,1282.75888660342,1282.75888660342,1282.75888660342,1282.75888660342,1282.75888660342,1282.75888660342,1282.75888660342,1282.75888660342,1282.75888660342,1282.75888660342,1282.75888660342,1282.75888660342,1282.75888660342,1282.75888660342
20.0,-173.65927198201513,0.0,250.0,-250.0,-125.0,375.0,-250.0,-250.0,-250.0,-250.0,-250.0,-250.0,-250.0,-250.0,-250.0,-250.0,-250.0,-250.0,-250.0,-250.0,-250.0,-250.0,125.0,125.0,125.0,125.0,125.0,125.0,125.0,125.0,125.0,125.0,125.0,125.0,125.0,125.0,125.0,125.0,125.0,125.0,125.0,125.0,125.0,125.0,125.0,125.0,125.0,125.0,125.0,125.0,125.0,125.0,125.0,125.0,125.0,125.0,125.0,125.0,125.0,125.0,125.0
20.0,-385.33114705822925,0.0,-250.0,250.0,-125.0,375.0,250.0,250.0,250.0,250.0,250.0,250.0,250.0,250.0,250.0,250.0,250.0,250.0,250.0,250.0,250.0,250.0,-375.0,-375.0,-375.0,-375.0,-375.0,-375.0,-375.0,-375.0,-375.0,-375.0,-375.0,-375.0,-375.0,-375.0,-375.0,-375.0,-375.0,-375.0,-375.0,-375.0,-375.0,-375.0,-375.0,-375.0,-375.0,-375.0,-375.0,-375.0,-375.0,-375.0,-375.0,-375.0,-375.0,-375.0,-375.0,-375.0,-375.0,-375.0,-375.0
20.0,-481.16524687522775,0.0,-250.0,250.0,125.0,-375.0,250.0,250.0,250.0,250.0,250.0,250.0,250.0,250.0,250.0,250.0,250.0,250.0,250.0,250.0,250.0,250.0,375.0,375.0,375.0,375.0,375.0,375.0,375.0,375.0,375.0,375.0,375.0,375.0,375.0,375.0,375.0,375.0,375.0,375.0,375.0,375.0,375.0,375.0,375.0,375.0,375.0,375.0,375.0,375.0,375.0,375.0,375.0,375.0,375.0,375.0,375.0,375.0,375.0,375.0,375.0
20.0,1654.5113234362311,1256.9487,1231.1385133965798,1282.75888660342,1134.0762824117014,1072.1303899312986,1282.75888660342,1282.75888660342,1282.75888660342,1282.75888660342,1282.75888660342,1282.75888660342,1282.75888660342,1282.75888660342,1282.75888660342,1282.75888660342,1282.75888660342,1282.75888660342,1282.75888660342,1282.75888660342,1282.75888660342,1282.75888660342,1379.8211175882984,1379.8211175882984,1379.8211175882984,1379.8211175882984,1379.8211175882984,1379.8211175882984,1379.8211175882984,1379.8211175882984,1379.8211175882984,1379.8211175882984,1379.8211175882984,1379.8211175882984,1379.8211175882984,1379.8211175882984,1379.8211175882984,1379.8211175882984,1379.8211175882984,1379.8211175882984,1379.8211175882984,1379.8211175882984,1379.8211175882984,1379.8211175882984,1379.8211175882984,1379.8211175882984,1379.8211175882984,1379.8211175882984,1379.8211175882984,1379.8211175882984,1379.8211175882984,1379.8211175882984,1379.8211175882984,1379.8211175882984,1379.8211175882984,1379.8211175882984,1379.8211175882984,1379.8211175882984,1379.8211175882984,1379.8211175882984,1379.8211175882984
21.0,-342.42268694487444,0.0,0.0,0.0,0.0,0.0,0.0,0.0,0.0,0.0,0.0,0.0,0.0,0.0,0.0,0.0,0.0,0.0,0.0,0.0,0.0,0.0,0.0,0.0,0.0,0.0,0.0,0.0,0.0,0.0,0.0,0.0,0.0,0.0,0.0,0.0,0.0,0.0,0.0,0.0,0.0,0.0,0.0,0.0,0.0,0.0,0.0,0.0,0.0,0.0,0.0,0.0,0.0,0.0,0.0,0.0,0.0,0.0,0.0,0.0,0.0
21.0,-141.82176811991678,0.0,0.0,0.0,0.0,0.0,0.0,0.0,0.0,0.0,0.0,0.0,0.0,0.0,0.0,0.0,0.0,0.0,0.0,0.0,0.0,0.0,0.0,0.0,0.0,0.0,0.0,0.0,0.0,0.0,0.0,0.0,0.0,0.0,0.0,0.0,0.0,0.0,0.0,0.0,0.0,0.0,0.0,0.0,0.0,0.0,0.0,0.0,0.0,0.0,0.0,0.0,0.0,0.0,0.0,0.0,0.0,0.0,0.0,0.0,0.0
21.0,-316.5927456604579,0.0,0.0,0.0,0.0,0.0,0.0,0.0,0.0,0.0,0.0,0.0,0.0,0.0,0.0,0.0,0.0,0.0,0.0,0.0,0.0,0.0,0.0,0.0,0.0,0.0,0.0,0.0,0.0,0.0,0.0,0.0,0.0,0.0,0.0,0.0,0.0,0.0,0.0,0.0,0.0,0.0,0.0,0.0,0.0,0.0,0.0,0.0,0.0,0.0,0.0,0.0,0.0,0.0,0.0,0.0,0.0,0.0,0.0,0.0,0.0
21.0,778.8694626706671,1256.9487,1256.9487,1256.9487,1256.9487,1256.9487,1256.9487,1256.9487,1256.9487,1256.9487,1256.9487,1256.9487,1256.9487,1256.9487,1256.9487,1256.9487,1256.9487,1256.9487,1256.9487,1256.9487,1256.9487,1256.9487,1256.9487,1256.9487,1256.9487,1256.9487,1256.9487,1256.9487,1256.9487,1256.9487,1256.9487,1256.9487,1256.9487,1256.9487,1256.9487,1256.9487,1256.9487,1256.9487,1256.9487,1256.9487,1256.9487,1256.9487,1256.9487,1256.9487,1256.9487,1256.9487,1256.9487,1256.9487,1256.9487,1256.9487,1256.9487,1256.9487,1256.9487,1256.9487,1256.9487,1256.9487,1256.9487,1256.9487,1256.9487,1256.9487,1256.9487
22.0,-176.19963592004098,0.0,0.0,0.0,0.0,250.0,0.0,0.0,0.0,0.0,0.0,0.0,0.0,0.0,-250.0,-250.0,-250.0,-250.0,-250.0,-250.0,-250.0,-250.0,-250.0,-250.0,-250.0,-250.0,-250.0,-250.0,-250.0,-250.0,-250.0,-250.0,-250.0,-250.0,-250.0,-250.0,-250.0,-250.0,-250.0,-250.0,-250.0,-250.0,-250.0,-250.0,-250.0,-250.0,-250.0,-250.0,-250.0,-250.0,-250.0,-250.0,-250.0,-250.0,-250.0,-250.0,-250.0,-250.0,-250.0,-250.0,-250.0
22.0,369.2495043317889,0.0,0.0,0.0,0.0,-250.0,0.0,0.0,0.0,0.0,0.0,0.0,0.0,0.0,250.0,250.0,250.0,250.0,250.0,250.0,250.0,250.0,250.0,250.0,250.0,250.0,250.0,250.0,250.0,250.0,250.0,250.0,250.0,250.0,250.0,250.0,250.0,250.0,250.0,250.0,250.0,250.0,250.0,250.0,250.0,250.0,250.0,250.0,250.0,250.0,250.0,250.0,250.0,250.0,250.0,250.0,250.0,250.0,250.0,250.0,250.0
22.0,-2.999643421477856,0.0,0.0,0.0,0.0,-250.0,0.0,0.0,0.0,0.0,0.0,0.0,0.0,0.0,250.0,250.0,250.0,250.0,250.0,250.0,250.0,250.0,250.0,250.0,250.0,250.0,250.0,250.0,250.0,250.0,250.0,250.0,250.0,250.0,250.0,250.0,250.0,250.0,250.0,250.0,250.0,250.0,250.0,250.0,250.0,250.0,250.0,250.0,250.0,250.0,250.0,250.0,250.0,250.0,250.0,250.0,250.0,250.0,250.0,250.0,250.0
22.0,1242.1929842160519,1256.9487,1256.9487,1256.9487,1256.9487,1231.1385133965798,1256.9487,1256.9487,1256.9487,1256.9487,1256.9487,1256.9487,1256.9487,1256.9487,1282.75888660342,1282.75888660342,1282.75888660342,1282.75888660342,1282.75888660342,1282.75888660342,1282.75888660342,1282.75888660342,1282.75888660342,1282.75888660342,1282.75888660342,1282.75888660342,1282.75888660342,1282.75888660342,1282.75888660342,1282.75888660342,1282.75888660342,1282.75888660342,1282.75888660342,1282.75888660342,1282.75888660342,1282.75888660342,1282.75888660342,1282.75888660342,1282.75888660342,1282.75888660342,1282.75888660342,1282.75888660342,1282.75888660342,1282.75888660342,1282.75888660342,1282.75888660342,1282.75888660342,1282.75888660342,1282.75888660342,1282.75888660342,1282.75888660342,1282.75888660342,1282.75888660342,1282.75888660342,1282.75888660342,1282.75888660342,1282.75888660342,1282.75888660342,1282.75888660342,1282.75888660342,1282.75888660342
23.0,357.41334530678216,0.0,250.0,-250.0,-125.0,-250.0,-250.0,-250.0,-250.0,-250.0,-250.0,-250.0,-250.0,-250.0,-250.0,-250.0,-250.0,-250.0,-250.0,-250.0,-250.0,-250.0,-250.0,-250.0,-250.0,-250.0,-250.0,-250.0,-250.0,375.0,-250.0,-250.0,-250.0,-250.0,-250.0,-250.0,-250.0,-250.0,-250.0,-250.0,-250.0,-250.0,-250.0,-250.0,-250.0,-250.0,-250.0,-250.0,-250.0,-250.0,-250.0,-250.0,-250.0,-250.0,-250.0,-250.0,-250.0,-250.0,-250.0,-250.0,-250.0
23.0,89.12399409519185,0.0,-250.0,250.0,-125.0,250.0,250.0,250.0,250.0,250.0,250.0,250.0,250.0,250.0,250.0,250.0,250.0,250.0,250.0,250.0,250.0,250.0,250.0,250.0,250.0,250.0,250.0,250.0,250.0,375.0,250.0,250.0,250.0,250.0,250.0,250.0,250.0,250.0,250.0,250.0,250.0,250.0,250.0,250.0,250.0,250.0,250.0,250.0,250.0,250.0,250.0,250.0,250.0,250.0,250.0,250.0,250.0,250.0,250.0,250.0,250.0
23.0,270.9167861335668,0.0,-250.0,250.0,125.0,250.0,250.0,250.0,250.0,250.0,250.0,250.0,250.0,250.0,250.0,250.0,250.0,250.0,250.0,250.0,250.0,250.0,250.0,250.0,250.0,250.0,250.0,250.0,250.0,-375.0,250.0,250.0,250.0,250.0,250.0,250.0,250.0,250.0,250.0,250.0,250.0,250.0,250.0,250.0,250.0,250.0,250.0,250.0,250.0,250.0,250.0,250.0,250.0,250.0,250.0,250.0,250.0,250.0,250.0,250.0,250.0
23.0,1423.3945773620205,1256.9487,1231.1385133965798,1282.75888660342,1134.0762824117014,1282.75888660342,1282.75888660342,1282.75888660342,1282.75888660342,1282.75888660342,1282.75888660342,1282.75888660342,1282.75888660342,1282.75888660342,1282.75888660342,1282.75888660342,1282.75888660342,1282.75888660342,1282.75888660342,1282.75888660342,1282.75888660342,1282.75888660342,1282.75888660342,1282.75888660342,1282.75888660342,1282.75888660342,1282.75888660342,1282.75888660342,1282.75888660342,1072.1303899312986,1282.75888660342,1282.75888660342,1282.75888660342,1282.75888660342,1282.75888660342,1282.75888660342,1282.75888660342,1282.75888660342,1282.75888660342,1282.75888660342,1282.75888660342,1282.75888660342,1282.75888660342,1282.75888660342,1282.75888660342,1282.75888660342,1282.75888660342,1282.75888660342,1282.75888660342,1282.75888660342,1282.75888660342,1282.75888660342,1282.75888660342,1282.75888660342,1282.75888660342,1282.75888660342,1282.75888660342,1282.75888660342,1282.75888660342,1282.75888660342,1282.75888660342
24.0,-458.0987169295152,0.0,250.0,-250.0,-125.0,-250.0,-250.0,-250.0,-250.0,-250.0,-250.0,-250.0,-250.0,-250.0,-250.0,-250.0,-250.0,-250.0,-250.0,-250.0,-250.0,-250.0,-250.0,-250.0,-250.0,-250.0,-250.0,-250.0,-250.0,-250.0,-250.0,-250.0,-250.0,-250.0,-250.0,-250.0,-250.0,-250.0,-250.0,-250.0,-250.0,375.0,-250.0,-250.0,-250.0,-250.0,-250.0,-250.0,-250.0,-250.0,-250.0,-250.0,-250.0,-250.0,-250.0,-250.0,-250.0,-250.0,-250.0,-250.0,-250.0
24.0,65.93401839020544,0.0,-250.0,250.0,-125.0,250.0,250.0,250.0,250.0,250.0,250.0,250.0,250.0,250.0,250.0,250.0,250.0,250.0,250.0,250.0,250.0,250.0,250.0,250.0,250.0,250.0,250.0,250.0,250.0,250.0,250.0,250.0,250.0,250.0,250.0,250.0,250.0,250.0,250.0,250.0,250.0,375.0,250.0,250.0,250.0,250.0,250.0,250.0,250.0,250.0,250.0,250.0,250.0,250.0,250.0,250.0,250.0,250.0,250.0,250.0,250.0
24.0,70.31229823107435,0.0,-250.0,250.0,125.0,250.0,250.0,250.0,250.0,250.0,250.0,250.0,250.0,250.0,250.0,250.0,250.0,250.0,250.0,250.0,250.0,250.0,250.0,250.0,250.0,250.0,250.0,250.0,250.0,250.0,250.0,250.0,250.0,250.0,250.0,250.0,250.0,250.0,250.0,250.0,250.0,-375.0,250.0,250.0,250.0,250.0,250.0,250.0,250.0,250.0,250.0,250.0,250.0,250.0,250.0,250.0,250.0,250.0,250.0,250.0,250.0
24.0,1386.7837169422862,1256.9487,1231.1385133965798,1282.75888660342,1134.0762824117014,1282.75888660342,1282.75888660342,1282.75888660342,1282.75888660342,1282.75888660342,1282.75888660342,1282.75888660342,1282.75888660342,1282.75888660342,1282.75888660342,1282.75888660342,1282.75888660342,1282.75888660342,1282.75888660342,1282.75888660342,1282.75888660342,1282.75888660342,1282.75888660342,1282.75888660342,1282.75888660342,1282.75888660342,1282.75888660342,1282.75888660342,1282.75888660342,1282.75888660342,1282.75888660342,1282.75888660342,1282.75888660342,1282.75888660342,1282.75888660342,1282.75888660342,1282.75888660342,1282.75888660342,1282.75888660342,1282.75888660342,1282.75888660342,1072.1303899312986,1282.75888660342,1282.75888660342,1282.75888660342,1282.75888660342,1282.75888660342,1282.75888660342,1282.75888660342,1282.75888660342,1282.75888660342,1282.75888660342,1282.75888660342,1282.75888660342,1282.75888660342,1282.75888660342,1282.75888660342,1282.75888660342,1282.75888660342,1282.75888660342,1282.75888660342
25.0,447.54905427265373,0.0,0.0,0.0,0.0,0.0,0.0,0.0,0.0,0.0,0.0,0.0,0.0,0.0,0.0,0.0,0.0,0.0,0.0,0.0,0.0,0.0,0.0,0.0,0.0,0.0,0.0,0.0,0.0,0.0,0.0,0.0,0.0,0.0,0.0,0.0,0.0,0.0,0.0,0.0,0.0,0.0,0.0,0.0,0.0,0.0,0.0,0.0,0.0,0.0,0.0,0.0,0.0,0.0,0.0,0.0,0.0,0.0,0.0,0.0,0.0
25.0,-140.8731381447592,0.0,0.0,0.0,0.0,0.0,0.0,0.0,0.0,0.0,0.0,0.0,0.0,0.0,0.0,0.0,0.0,0.0,0.0,0.0,0.0,0.0,0.0,0.0,0.0,0.0,0.0,0.0,0.0,0.0,0.0,0.0,0.0,0.0,0.0,0.0,0.0,0.0,0.0,0.0,0.0,0.0,0.0,0.0,0.0,0.0,0.0,0.0,0.0,0.0,0.0,0.0,0.0,0.0,0.0,0.0,0.0,0.0,0.0,0.0,0.0
25.0,422.4118001201149,0.0,0.0,0.0,0.0,0.0,0.0,0.0,0.0,0.0,0.0,0.0,0.0,0.0,0.0,0.0,0.0,0.0,0.0,0.0,0.0,0.0,0.0,0.0,0.0,0.0,0.0,0.0,0.0,0.0,0.0,0.0,0.0,0.0,0.0,0.0,0.0,0.0,0.0,0.0,0.0,0.0,0.0,0.0,0.0,0.0,0.0,0.0,0.0,0.0,0.0,0.0,0.0,0.0,0.0,0.0,0.0,0.0,0.0,0.0,0.0
25.0,415.75448170429763,1256.9487,1256.9487,1256.9487,1256.9487,1256.9487,1256.9487,1256.9487,1256.9487,1256.9487,1256.9487,1256.9487,1256.9487,1256.9487,1256.9487,1256.9487,1256.9487,1256.9487,1256.9487,1256.9487,1256.9487,1256.9487,1256.9487,1256.9487,1256.9487,1256.9487,1256.9487,1256.9487,1256.9487,1256.9487,1256.9487,1256.9487,1256.9487,1256.9487,1256.9487,1256.9487,1256.9487,1256.9487,1256.9487,1256.9487,1256.9487,1256.9487,1256.9487,1256.9487,1256.9487,1256.9487,1256.9487,1256.9487,1256.9487,1256.9487,1256.9487,1256.9487,1256.9487,1256.9487,1256.9487,1256.9487,1256.9487,1256.9487,1256.9487,1256.9487,1256.9487
26.0,-356.95893396856195,0.0,250.0,-250.0,-125.0,-250.0,-250.0,-250.0,-250.0,-250.0,-250.0,-250.0,-250.0,-250.0,-250.0,-250.0,-250.0,-250.0,-250.0,-250.0,-250.0,-250.0,-250.0,-250.0,-250.0,-250.0,-250.0,-250.0,-250.0,-250.0,-250.0,-250.0,-250.0,-250.0,-250.0,-250.0,-250.0,-250.0,375.0,-250.0,-250.0,-250.0,-250.0,-250.0,-250.0,-250.0,-250.0,-250.0,-250.0,-250.0,-250.0,-250.0,-250.0,-250.0,-250.0,-250.0,-250.0,-250.0,-250.0,-250.0,-250.0
26.0,-317.3869524359866,0.0,-250.0,250.0,-125.0,250.0,250.0,250.0,250.0,250.0,250.0,250.0,250.0,250.0,250.0,250.0,250.0,250.0,250.0,250.0,250.0,250.0,250.0,250.0,250.0,250.0,250.0,250.0,250.0,250.0,250.0,250.0,250.0,250.0,250.0,250.0,250.0,250.0,375.0,250.0,250.0,250.0,250.0,250.0,250.0,250.0,250.0,250.0,250.0,250.0,250.0,250.0,250.0,250.0,250.0,250.0,250.0,250.0,250.0,250.0,250.0
26.0,-407.4900751376561,0.0,-250.0,250.0,125.0,250.0,250.0,250.0,250.0,250.0,250.0,250.0,250.0,250.0,250.0,250.0,250.0,250.0,250.0,250.0,250.0,250.0,250.0,250.0,250.0,250.0,250.0,250.0,250.0,250.0,250.0,250.0,250.0,250.0,250.0,250.0,250.0,250.0,-375.0,250.0,250.0,250.0,250.0,250.0,250.0,250.0,250.0,250.0,250.0,250.0,250.0,250.0,250.0,250.0,250.0,250.0,250.0,250.0,250.0,250.0,250.0
26.0,1396.187242045363,1256.9487,1231.1385133965798,1282.75888660342,1134.0762824117014,1282.75888660342,1282.75888660342,1282.75888660342,1282.75888660342,1282.75888660342,1282.75888660342,1282.75888660342,1282.75888660342,1282.75888660342,1282.75888660342,1282.75888660342,1282.75888660342,1282.75888660342,1282.75888660342,1282.75888660342,1282.75888660342,1282.75888660342,1282.75888660342,1282.75888660342,1282.75888660342,1282.75888660342,1282.75888660342,1282.75888660342,1282.75888660342,1282.75888660342,1282.75888660342,1282.75888660342,1282.75888660342,1282.75888660342,1282.75888660342,1282.75888660342,1282.75888660342,1282.75888660342,1072.1303899312986,1282.75888660342,1282.75888660342,1282.75888660342,1282.75888660342,1282.75888660342,1282.75888660342,1282.75888660342,1282.75888660342,1282.75888660342,1282.75888660342,1282.75888660342,1282.75888660342,1282.75888660342,1282.75888660342,1282.75888660342,1282.75888660342,1282.75888660342,1282.75888660342,1282.75888660342,1282.75888660342,1282.75888660342,1282.75888660342
27.0,5.945581485913976,0.0,0.0,0.0,0.0,0.0,0.0,0.0,0.0,0.0,0.0,0.0,0.0,0.0,0.0,0.0,0.0,0.0,0.0,0.0,0.0,0.0,0.0,0.0,0.0,0.0,0.0,0.0,0.0,0.0,0.0,0.0,0.0,0.0,0.0,0.0,0.0,0.0,0.0,0.0,0.0,0.0,0.0,0.0,0.0,0.0,0.0,0.0,0.0,0.0,0.0,0.0,0.0,0.0,0.0,0.0,0.0,0.0,0.0,0.0,0.0
27.0,-318.0405414668147,0.0,0.0,0.0,0.0,0.0,0.0,0.0,0.0,0.0,0.0,0.0,0.0,0.0,0.0,0.0,0.0,0.0,0.0,0.0,0.0,0.0,0.0,0.0,0.0,0.0,0.0,0.0,0.0,0.0,0.0,0.0,0.0,0.0,0.0,0.0,0.0,0.0,0.0,0.0,0.0,0.0,0.0,0.0,0.0,0.0,0.0,0.0,0.0,0.0,0.0,0.0,0.0,0.0,0.0,0.0,0.0,0.0,0.0,0.0,0.0
27.0,71.4263103729395,0.0,0.0,0.0,0.0,0.0,0.0,0.0,0.0,0.0,0.0,0.0,0.0,0.0,0.0,0.0,0.0,0.0,0.0,0.0,0.0,0.0,0.0,0.0,0.0,0.0,0.0,0.0,0.0,0.0,0.0,0.0,0.0,0.0,0.0,0.0,0.0,0.0,0.0,0.0,0.0,0.0,0.0,0.0,0.0,0.0,0.0,0.0,0.0,0.0,0.0,0.0,0.0,0.0,0.0,0.0,0.0,0.0,0.0,0.0,0.0
27.0,923.7352482179747,1256.9487,1256.9487,1256.9487,1256.9487,1256.9487,1256.9487,1256.9487,1256.9487,1256.9487,1256.9487,1256.9487,1256.9487,1256.9487,1256.9487,1256.9487,1256.9487,1256.9487,1256.9487,1256.9487,1256.9487,1256.9487,1256.9487,1256.9487,1256.9487,1256.9487,1256.9487,1256.9487,1256.9487,1256.9487,1256.9487,1256.9487,1256.9487,1256.9487,1256.9487,1256.9487,1256.9487,1256.9487,1256.9487,1256.9487,1256.9487,1256.9487,1256.9487,1256.9487,1256.9487,1256.9487,1256.9487,1256.9487,1256.9487,1256.9487,1256.9487,1256.9487,1256.9487,1256.9487,1256.9487,1256.9487,1256.9487,1256.9487,1256.9487,1256.9487,1256.9487
28.0,153.0683622233263,0.0,250.0,-250.0,-125.0,-250.0,-250.0,-250.0,-250.0,-250.0,-250.0,-250.0,-250.0,-250.0,-250.0,-250.0,-250.0,-250.0,-250.0,-250.0,375.0,-250.0,-250.0,-250.0,-250.0,-250.0,-250.0,-250.0,-250.0,-250.0,-250.0,-250.0,-250.0,-250.0,-250.0,-250.0,-250.0,-250.0,-250.0,-250.0,-250.0,-250.0,-250.0,-250.0,-250.0,-250.0,-250.0,-250.0,-250.0,-250.0,-250.0,-250.0,-250.0,-250.0,-250.0,-250.0,-250.0,-250.0,-250.0,-250.0,-250.0
28.0,-26.175671245853835,0.0,-250.0,250.0,-125.0,250.0,250.0,250.0,250.0,250.0,250.0,250.0,250.0,250.0,250.0,250.0,250.0,250.0,250.0,250.0,375.0,250.0,250.0,250.0,250.0,250.0,250.0,250.0,250.0,250.0,250.0,250.0,250.0,250.0,250.0,250.0,250.0,250.0,250.0,250.0,250.0,250.0,250.0,250.0,250.0,250.0,250.0,250.0,250.0,250.0,250.0,250.0,250.0,250.0,250.0,250.0,250.0,250.0,250.0,250.0,250.0
28.0,-465.65521148036237,0.0,-250.0,250.0,125.0,250.0,250.0,250.0,250.0,250.0,250.0,250.0,250.0,250.0,250.0,250.0,250.0,250.0,250.0,250.0,-375.0,250.0,250.0,250.0,250.0,250.0,250.0,250.0,250.0,250.0,250.0,250.0,250.0,250.0,250.0,250.0,250.0,250.0,250.0,250.0,250.0,250.0,250.0,250.0,250.0,250.0,250.0,250.0,250.0,250.0,250.0,250.0,250.0,250.0,250.0,250.0,250.0,250.0,250.0,250.0,250.0
28.0,1448.9436780699712,1256.9487,1231.1385133965798,1282.75888660342,1134.0762824117014,1282.75888660342,1282.75888660342,1282.75888660342,1282.75888660342,1282.75888660342,1282.75888660342,1282.75888660342,1282.75888660342,1282.75888660342,1282.75888660342,1282.75888660342,1282.75888660342,1282.75888660342,1282.75888660342,1282.75888660342,1072.1303899312986,1282.75888660342,1282.75888660342,1282.75888660342,1282.75888660342,1282.75888660342,1282.75888660342,1282.75888660342,1282.75888660342,1282.75888660342,1282.75888660342,1282.75888660342,1282.75888660342,1282.75888660342,1282.75888660342,1282.75888660342,1282.75888660342,1282.75888660342,1282.75888660342,1282.75888660342,1282.75888660342,1282.75888660342,1282.75888660342,1282.75888660342,1282.75888660342,1282.75888660342,1282.75888660342,1282.75888660342,1282.75888660342,1282.75888660342,1282.75888660342,1282.75888660342,1282.75888660342,1282.75888660342,1282.75888660342,1282.75888660342,1282.75888660342,1282.75888660342,1282.75888660342,1282.75888660342,1282.75888660342
29.0,197.1080533817368,0.0,0.0,0.0,0.0,0.0,0.0,0.0,0.0,0.0,0.0,0.0,0.0,0.0,0.0,0.0,0.0,0.0,0.0,0.0,0.0,0.0,0.0,0.0,0.0,0.0,0.0,0.0,0.0,0.0,0.0,0.0,0.0,0.0,0.0,0.0,0.0,0.0,0.0,0.0,0.0,0.0,0.0,0.0,0.0,0.0,0.0,0.0,0.0,0.0,0.0,0.0,0.0,0.0,0.0,0.0,0.0,0.0,0.0,0.0,0.0
29.0,-452.49329040594756,0.0,0.0,0.0,0.0,0.0,0.0,0.0,0.0,0.0,0.0,0.0,0.0,0.0,0.0,0.0,0.0,0.0,0.0,0.0,0.0,0.0,0.0,0.0,0.0,0.0,0.0,0.0,0.0,0.0,0.0,0.0,0.0,0.0,0.0,0.0,0.0,0.0,0.0,0.0,0.0,0.0,0.0,0.0,0.0,0.0,0.0,0.0,0.0,0.0,0.0,0.0,0.0,0.0,0.0,0.0,0.0,0.0,0.0,0.0,0.0
29.0,452.5610059920481,0.0,0.0,0.0,0.0,0.0,0.0,0.0,0.0,0.0,0.0,0.0,0.0,0.0,0.0,0.0,0.0,0.0,0.0,0.0,0.0,0.0,0.0,0.0,0.0,0.0,0.0,0.0,0.0,0.0,0.0,0.0,0.0,0.0,0.0,0.0,0.0,0.0,0.0,0.0,0.0,0.0,0.0,0.0,0.0,0.0,0.0,0.0,0.0,0.0,0.0,0.0,0.0,0.0,0.0,0.0,0.0,0.0,0.0,0.0,0.0
29.0,1061.2772944023964,1256.9487,1256.9487,1256.9487,1256.9487,1256.9487,1256.9487,1256.9487,1256.9487,1256.9487,1256.9487,1256.9487,1256.9487,1256.9487,1256.9487,1256.9487,1256.9487,1256.9487,1256.9487,1256.9487,1256.9487,1256.9487,1256.9487,1256.9487,1256.9487,1256.9487,1256.9487,1256.9487,1256.9487,1256.9487,1256.9487,1256.9487,1256.9487,1256.9487,1256.9487,1256.9487,1256.9487,1256.9487,1256.9487,1256.9487,1256.9487,1256.9487,1256.9487,1256.9487,1256.9487,1256.9487,1256.9487,1256.9487,1256.9487,1256.9487,1256.9487,1256.9487,1256.9487,1256.9487,1256.9487,1256.9487,1256.9487,1256.9487,1256.9487,1256.9487,1256.9487
30.0,208.30435052477344,0.0,0.0,0.0,0.0,0.0,0.0,0.0,0.0,0.0,0.0,0.0,0.0,0.0,0.0,0.0,0.0,0.0,0.0,0.0,0.0,0.0,0.0,0.0,0.0,0.0,0.0,0.0,0.0,0.0,0.0,0.0,0.0,0.0,0.0,0.0,0.0,0.0,0.0,0.0,0.0,0.0,0.0,0.0,0.0,0.0,0.0,0.0,0.0,0.0,0.0,0.0,0.0,0.0,0.0,0.0,0.0,0.0,0.0,0.0,0.0
30.0,5.541886203092588,0.0,0.0,0.0,0.0,0.0,0.0,0.0,0.0,0.0,0.0,0.0,0.0,0.0,0.0,0.0,0.0,0.0,0.0,0.0,0.0,0.0,0.0,0.0,0.0,0.0,0.0,0.0,0.0,0.0,0.0,0.0,0.0,0.0,0.0,0.0,0.0,0.0,0.0,0.0,0.0,0.0,0.0,0.0,0.0,0.0,0.0,0.0,0.0,0.0,0.0,0.0,0.0,0.0,0.0,0.0,0.0,0.0,0.0,0.0,0.0
30.0,443.9645389642832,0.0,0.0,0.0,0.0,0.0,0.0,0.0,0.0,0.0,0.0,0.0,0.0,0.0,0.0,0.0,0.0,0.0,0.0,0.0,0.0,0.0,0.0,0.0,0.0,0.0,0.0,0.0,0.0,0.0,0.0,0.0,0.0,0.0,0.0,0.0,0.0,0.0,0.0,0.0,0.0,0.0,0.0,0.0,0.0,0.0,0.0,0.0,0.0,0.0,0.0,0.0,0.0,0.0,0.0,0.0,0.0,0.0,0.0,0.0,0.0
30.0,700.3489367476509,1256.9487,1256.9487,1256.9487,1256.9487,1256.9487,1256.9487,1256.9487,1256.9487,1256.9487,1256.9487,1256.9487,1256.9487,1256.9487,1256.9487,1256.9487,1256.9487,1256.9487,1256.9487,1256.9487,1256.9487,1256.9487,1256.9487,1256.9487,1256.9487,1256.9487,1256.9487,1256.9487,1256.9487,1256.9487,1256.9487,1256.9487,1256.9487,1256.9487,1256.9487,1256.9487,1256.9487,1256.9487,1256.9487,1256.9487,1256.9487,1256.9487,1256.9487,1256.9487,1256.9487,1256.9487,1256.9487,1256.9487,1256.9487,1256.9487,1256.9487,1256.9487,1256.9487,1256.9487,1256.9487,1256.9487,1256.9487,1256.9487,1256.9487,1256.9487,1256.9487
31.0,-322.3219485039916,0.0,250.0,-250.0,-125.0,375.0,125.0,125.0,125.0,125.0,125.0,125.0,125.0,125.0,125.0,125.0,125.0,125.0,125.0,125.0,125.0,125.0,125.0,125.0,125.0,125.0,125.0,125.0,125.0,125.0,125.0,125.0,125.0,125.0,125.0,125.0,125.0,125.0,125.0,125.0,125.0,125.0,125.0,125.0,125.0,125.0,125.0,125.0,125.0,125.0,125.0,125.0,125.0,125.0,125.0,125.0,125.0,125.0,125.0,125.0,125.0
31.0,-388.48553158431264,0.0,-250.0,250.0,-125.0,375.0,-375.0,-375.0,-375.0,-375.0,-375.0,-375.0,-375.0,-375.0,-375.0,-375.0,-375.0,-375.0,-375.0,-375.0,-375.0,-375.0,-375.0,-375.0,-375.0,-375.0,-375.0,-375.0,-375.0,-375.0,-375.0,-375.0,-375.0,-375.0,-375.0,-375.0,-375.0,-375.0,-375.0,-375.0,-375.0,-375.0,-375.0,-375.0,-375.0,-375.0,-375.0,-375.0,-375.0,-375.0,-375.0,-375.0,-375.0,-375.0,-375.0,-375.0,-375.0,-375.0,-375.0,-375.0,-375.0
31.0,-412.00727905752564,0.0,-250.0,250.0,125.0,-375.0,375.0,375.0,375.0,375.0,375.0,375.0,375.0,375.0,375.0,375.0,375.0,375.0,375.0,375.0,375.0,375.0,375.0,375.0,375.0,375.0,375.0,375.0,375.0,375.0,375.0,375.0,375.0,375.0,375.0,375.0,375.0,375.0,375.0,375.0,375.0,375.0,375.0,375.0,375.0,375.0,375.0,375.0,375.0,375.0,375.0,375.0,375.0,375.0,375.0,375.0,375.0,375.0,375.0,375.0,375.0
31.0,1708.680539619608,1256.9487,1231.1385133965798,1282.75888660342,1134.0762824117014,1072.1303899312986,1379.8211175882984,1379.8211175882984,1379.8211175882984,1379.8211175882984,1379.8211175882984,1379.8211175882984,1379.8211175882984,1379.8211175882984,1379.8211175882984,1379.8211175882984,1379.8211175882984,1379.8211175882984,1379.8211175882984,1379.8211175882984,1379.8211175882984,1379.8211175882984,1379.8211175882984,1379.8211175882984,1379.8211175882984,1379.8211175882984,1379.8211175882984,1379.8211175882984,1379.8211175882984,1379.8211175882984,1379.8211175882984,1379.8211175882984,1379.8211175882984,1379.8211175882984,1379.8211175882984,1379.8211175882984,1379.8211175882984,1379.8211175882984,1379.8211175882984,1379.8211175882984,1379.8211175882984,1379.8211175882984,1379.8211175882984,1379.8211175882984,1379.8211175882984,1379.8211175882984,1379.8211175882984,1379.8211175882984,1379.8211175882984,1379.8211175882984,1379.8211175882984,1379.8211175882984,1379.8211175882984,1379.8211175882984,1379.8211175882984,1379.8211175882984,1379.8211175882984,1379.8211175882984,1379.8211175882984,1379.8211175882984,1379.8211175882984
32.0,407.0521799053994,0.0,0.0,0.0,0.0,0.0,0.0,0.0,0.0,0.0,0.0,0.0,0.0,0.0,0.0,0.0,0.0,0.0,0.0,0.0,0.0,0.0,0.0,0.0,0.0,0.0,0.0,0.0,0.0,0.0,0.0,0.0,0.0,0.0,0.0,0.0,0.0,0.0,0.0,0.0,0.0,0.0,0.0,0.0,0.0,0.0,0.0,0.0,0.0,0.0,0.0,0.0,0.0,0.0,0.0,0.0,0.0,0.0,0.0,0.0,0.0
32.0,-146.50812914911324,0.0,0.0,0.0,0.0,0.0,0.0,0.0,0.0,0.0,0.0,0.0,0.0,0.0,0.0,0.0,0.0,0.0,0.0,0.0,0.0,0.0,0.0,0.0,0.0,0.0,0.0,0.0,0.0,0.0,0.0,0.0,0.0,0.0,0.0,0.0,0.0,0.0,0.0,0.0,0.0,0.0,0.0,0.0,0.0,0.0,0.0,0.0,0.0,0.0,0.0,0.0,0.0,0.0,0.0,0.0,0.0,0.0,0.0,0.0,0.0
32.0,-274.72590836635214,0.0,0.0,0.0,0.0,0.0,0.0,0.0,0.0,0.0,0.0,0.0,0.0,0.0,0.0,0.0,0.0,0.0,0.0,0.0,0.0,0.0,0.0,0.0,0.0,0.0,0.0,0.0,0.0,0.0,0.0,0.0,0.0,0.0,0.0,0.0,0.0,0.0,0.0,0.0,0.0,0.0,0.0,0.0,0.0,0.0,0.0,0.0,0.0,0.0,0.0,0.0,0.0,0.0,0.0,0.0,0.0,0.0,0.0,0.0,0.0
32.0,587.2585074083256,1256.9487,1256.9487,1256.9487,1256.9487,1256.9487,1256.9487,1256.9487,1256.9487,1256.9487,1256.9487,1256.9487,1256.9487,1256.9487,1256.9487,1256.9487,1256.9487,1256.9487,1256.9487,1256.9487,1256.9487,1256.9487,1256.9487,1256.9487,1256.9487,1256.9487,1256.9487,1256.9487,1256.9487,1256.9487,1256.9487,1256.9487,1256.9487,1256.9487,1256.9487,1256.9487,1256.9487,1256.9487,1256.9487,1256.9487,1256.9487,1256.9487,1256.9487,1256.9487,1256.9487,1256.9487,1256.9487,1256.9487,1256.9487,1256.9487,1256.9487,1256.9487,1256.9487,1256.9487,1256.9487,1256.9487,1256.9487,1256.9487,1256.9487,1256.9487,1256.9487
33.0,-208.9157099545581,0.0,250.0,-250.0,-125.0,-250.0,-250.0,-250.0,-250.0,-250.0,-250.0,-250.0,-250.0,-250.0,-250.0,-250.0,-250.0,-250.0,-250.0,-250.0,-250.0,-250.0,-250.0,375.0,-250.0,-250.0,-250.0,-250.0,-250.0,-250.0,-250.0,-250.0,-250.0,-250.0,-250.0,-250.0,-250.0,-250.0,-250.0,-250.0,-250.0,-250.0,-250.0,-250.0,-250.0,-250.0,-250.0,-250.0,-250.0,-250.0,-250.0,-250.0,-250.0,-250.0,-250.0,-250.0,-250.0,-250.0,-250.0,-250.0,-250.0
33.0,237.02375717935092,0.0,-250.0,250.0,-125.0,250.0,250.0,250.0,250.0,250.0,250.0,250.0,250.0,250.0,250.0,250.0,250.0,250.0,250.0,250.0,250.0,250.0,250.0,375.0,250.0,250.0,250.0,250.0,250.0,250.0,250.0,250.0,250.0,250.0,250.0,250.0,250.0,250.0,250.0,250.0,250.0,250.0,250.0,250.0,250.0,250.0,250.0,250.0,250.0,250.0,250.0,250.0,250.0,250.0,250.0,250.0,250.0,250.0,250.0,250.0,250.0
33.0,-70.7122478162836,0.0,-250.0,250.0,125.0,250.0,250.0,250.0,250.0,250.0,250.0,250.0,250.0,250.0,250.0,250.0,250.0,250.0,250.0,250.0,250.0,250.0,250.0,-375.0,250.0,250.0,250.0,250.0,250.0,250.0,250.0,250.0,250.0,250.0,250.0,250.0,250.0,250.0,250.0,250.0,250.0,250.0,250.0,250.0,250.0,250.0,250.0,250.0,250.0,250.0,250.0,250.0,250.0,250.0,250.0,250.0,250.0,250.0,250.0,250.0,250.0
33.0,1442.7221532835633,1256.9487,1231.1385133965798,1282.75888660342,1134.0762824117014,1282.75888660342,1282.75888660342,1282.75888660342,1282.75888660342,1282.75888660342,1282.75888660342,1282.75888660342,1282.75888660342,1282.75888660342,1282.75888660342,1282.75888660342,1282.75888660342,1282.75888660342,1282.75888660342,1282.75888660342,1282.75888660342,1282.75888660342,1282.75888660342,1072.1303899312986,1282.75888660342,1282.75888660342,1282.75888660342,1282.75888660342,1282.75888660342,1282.75888660342,1282.75888660342,1282.75888660342,1282.75888660342,1282.75888660342,1282.75888660342,1282.75888660342,1282.75888660342,1282.75888660342,1282.75888660342,1282.75888660342,1282.75888660342,1282.75888660342,1282.75888660342,1282.75888660342,1282.75888660342,1282.75888660342,1282.75888660342,1282.75888660342,1282.75888660342,1282.75888660342,1282.75888660342,1282.75888660342,1282.75888660342,1282.75888660342,1282.75888660342,1282.75888660342,1282.75888660342,1282.75888660342,1282.75888660342,1282.75888660342,1282.75888660342
34.0,97.92436638873642,0.0,250.0,-250.0,-125.0,-250.0,-250.0,-250.0,-250.0,-250.0,-250.0,-250.0,-250.0,-250.0,-250.0,-250.0,-250.0,-250.0,-250.0,-250.0,-250.0,-250.0,-250.0,-250.0,-250.0,-250.0,-250.0,-250.0,-250.0,-250.0,-250.0,-250.0,-250.0,-250.0,-250.0,-250.0,375.0,-250.0,-250.0,-250.0,-250.0,-250.0,-250.0,-250.0,-250.0,-250.0,-250.0,-250.0,-250.0,-250.0,-250.0,-250.0,-250.0,-250.0,-250.0,-250.0,-250.0,-250.0,-250.0,-250.0,-250.0
34.0,-22.098209919117835,0.0,-250.0,250.0,-125.0,250.0,250.0,250.0,250.0,250.0,250.0,250.0,250.0,250.0,250.0,250.0,250.0,250.0,250.0,250.0,250.0,250.0,250.0,250.0,250.0,250.0,250.0,250.0,250.0,250.0,250.0,250.0,250.0,250.0,250.0,250.0,375.0,250.0,250.0,250.0,250.0,250.0,250.0,250.0,250.0,250.0,250.0,250.0,250.0,250.0,250.0,250.0,250.0,250.0,250.0,250.0,250.0,250.0,250.0,250.0,250.0
34.0,126.1966659874106,0.0,-250.0,250.0,125.0,250.0,250.0,250.0,250.0,250.0,250.0,250.0,250.0,250.0,250.0,250.0,250.0,250.0,250.0,250.0,250.0,250.0,250.0,250.0,250.0,250.0,250.0,250.0,250.0,250.0,250.0,250.0,250.0,250.0,250.0,250.0,-375.0,250.0,250.0,250.0,250.0,250.0,250.0,250.0,250.0,250.0,250.0,250.0,250.0,250.0,250.0,250.0,250.0,250.0,250.0,250.0,250.0,250.0,250.0,250.0,250.0
34.0,1401.91354128281,1256.9487,1231.1385133965798,1282.75888660342,1134.0762824117014,1282.75888660342,1282.75888660342,1282.75888660342,1282.75888660342,1282.75888660342,1282.75888660342,1282.75888660342,1282.75888660342,1282.75888660342,1282.75888660342,1282.75888660342,1282.75888660342,1282.75888660342,1282.75888660342,1282.75888660342,1282.75888660342,1282.75888660342,1282.75888660342,1282.75888660342,1282.75888660342,1282.75888660342,1282.75888660342,1282.75888660342,1282.75888660342,1282.75888660342,1282.75888660342,1282.75888660342,1282.75888660342,1282.75888660342,1282.75888660342,1282.75888660342,1072.1303899312986,1282.75888660342,1282.75888660342,1282.75888660342,1282.75888660342,1282.75888660342,1282.75888660342,1282.75888660342,1282.75888660342,1282.75888660342,1282.75888660342,1282.75888660342,1282.75888660342,1282.75888660342,1282.75888660342,1282.75888660342,1282.75888660342,1282.75888660342,1282.75888660342,1282.75888660342,1282.75888660342,1282.75888660342,1282.75888660342,1282.75888660342,1282.75888660342
35.0,51.19657582472098,0.0,0.0,0.0,0.0,0.0,0.0,0.0,0.0,0.0,0.0,0.0,0.0,0.0,0.0,0.0,0.0,0.0,0.0,0.0,0.0,0.0,0.0,0.0,0.0,0.0,0.0,0.0,0.0,0.0,0.0,0.0,0.0,0.0,0.0,0.0,0.0,0.0,0.0,0.0,0.0,0.0,0.0,0.0,0.0,0.0,0.0,0.0,0.0,0.0,0.0,0.0,0.0,0.0,0.0,0.0,0.0,0.0,0.0,0.0,0.0
35.0,-361.3572812144792,0.0,0.0,0.0,0.0,0.0,0.0,0.0,0.0,0.0,0.0,0.0,0.0,0.0,0.0,0.0,0.0,0.0,0.0,0.0,0.0,0.0,0.0,0.0,0.0,0.0,0.0,0.0,0.0,0.0,0.0,0.0,0.0,0.0,0.0,0.0,0.0,0.0,0.0,0.0,0.0,0.0,0.0,0.0,0.0,0.0,0.0,0.0,0.0,0.0,0.0,0.0,0.0,0.0,0.0,0.0,0.0,0.0,0.0,0.0,0.0
35.0,414.8166128018852,0.0,0.0,0.0,0.0,0.0,0.0,0.0,0.0,0.0,0.0,0.0,0.0,0.0,0.0,0.0,0.0,0.0,0.0,0.0,0.0,0.0,0.0,0.0,0.0,0.0,0.0,0.0,0.0,0.0,0.0,0.0,0.0,0.0,0.0,0.0,0.0,0.0,0.0,0.0,0.0,0.0,0.0,0.0,0.0,0.0,0.0,0.0,0.0,0.0,0.0,0.0,0.0,0.0,0.0,0.0,0.0,0.0,0.0,0.0,0.0
35.0,861.0396458083826,1256.9487,1256.9487,1256.9487,1256.9487,1256.9487,1256.9487,1256.9487,1256.9487,1256.9487,1256.9487,1256.9487,1256.9487,1256.9487,1256.9487,1256.9487,1256.9487,1256.9487,1256.9487,1256.9487,1256.9487,1256.9487,1256.9487,1256.9487,1256.9487,1256.9487,1256.9487,1256.9487,1256.9487,1256.9487,1256.9487,1256.9487,1256.9487,1256.9487,1256.9487,1256.9487,1256.9487,1256.9487,1256.9487,1256.9487,1256.9487,1256.9487,1256.9487,1256.9487,1256.9487,1256.9487,1256.9487,1256.9487,1256.9487,1256.9487,1256.9487,1256.9487,1256.9487,1256.9487,1256.9487,1256.9487,1256.9487,1256.9487,1256.9487,1256.9487,1256.9487
36.0,294.1879316517019,0.0,250.0,-250.0,-125.0,375.0,125.0,125.0,125.0,125.0,125.0,125.0,125.0,125.0,125.0,125.0,125.0,125.0,125.0,125.0,125.0,125.0,125.0,125.0,125.0,125.0,125.0,125.0,125.0,125.0,125.0,125.0,125.0,125.0,125.0,125.0,125.0,125.0,125.0,125.0,125.0,125.0,125.0,125.0,125.0,125.0,125.0,125.0,125.0,125.0,125.0,125.0,125.0,125.0,125.0,125.0,125.0,125.0,125.0,125.0,125.0
36.0,-415.2143680188205,0.0,-250.0,250.0,-125.0,375.0,-375.0,-375.0,-375.0,-375.0,-375.0,-375.0,-375.0,-375.0,-375.0,-375.0,-375.0,-375.0,-375.0,-375.0,-375.0,-375.0,-375.0,-375.0,-375.0,-375.0,-375.0,-375.0,-375.0,-375.0,-375.0,-375.0,-375.0,-375.0,-375.0,-375.0,-375.0,-375.0,-375.0,-375.0,-375.0,-375.0,-375.0,-375.0,-375.0,-375.0,-375.0,-375.0,-375.0,-375.0,-375.0,-375.0,-375.0,-375.0,-375.0,-375.0,-375.0,-375.0,-375.0,-375.0,-375.0
36.0,-70.15663275720618,0.0,-250.0,250.0,125.0,-375.0,375.0,375.0,375.0,375.0,375.0,375.0,375.0,375.0,375.0,375.0,375.0,375.0,375.0,375.0,375.0,375.0,375.0,375.0,375.0,375.0,375.0,375.0,375.0,375.0,375.0,375.0,375.0,375.0,375.0,375.0,375.0,375.0,375.0,375.0,375.0,375.0,375.0,375.0,375.0,375.0,375.0,375.0,375.0,375.0,375.0,375.0,375.0,375.0,375.0,375.0,375.0,375.0,375.0,375.0,375.0
36.0,2024.4080035974857,1256.9487,1231.1385133965798,1282.75888660342,1134.0762824117014,1072.1303899312986,1379.8211175882984,1379.8211175882984,1379.8211175882984,1379.8211175882984,1379.8211175882984,1379.8211175882984,1379.8211175882984,1379.8211175882984,1379.8211175882984,1379.8211175882984,1379.8211175882984,1379.8211175882984,1379.8211175882984,1379.8211175882984,1379.8211175882984,1379.8211175882984,1379.8211175882984,1379.8211175882984,1379.8211175882984,1379.8211175882984,1379.8211175882984,1379.8211175882984,1379.8211175882984,1379.8211175882984,1379.8211175882984,1379.8211175882984,1379.8211175882984,1379.8211175882984,1379.8211175882984,1379.8211175882984,1379.8211175882984,1379.8211175882984,1379.8211175882984,1379.8211175882984,1379.8211175882984,1379.8211175882984,1379.8211175882984,1379.8211175882984,1379.8211175882984,1379.8211175882984,1379.8211175882984,1379.8211175882984,1379.8211175882984,1379.8211175882984,1379.8211175882984,1379.8211175882984,1379.8211175882984,1379.8211175882984,1379.8211175882984,1379.8211175882984,1379.8211175882984,1379.8211175882984,1379.8211175882984,1379.8211175882984,1379.8211175882984
37.0,-150.65040139057186,0.0,0.0,0.0,0.0,0.0,0.0,0.0,0.0,0.0,0.0,0.0,0.0,0.0,0.0,0.0,0.0,0.0,0.0,0.0,0.0,0.0,0.0,0.0,0.0,0.0,0.0,0.0,0.0,0.0,0.0,0.0,0.0,0.0,0.0,0.0,0.0,0.0,0.0,0.0,0.0,0.0,0.0,0.0,0.0,0.0,0.0,0.0,0.0,0.0,0.0,0.0,0.0,0.0,0.0,0.0,0.0,0.0,0.0,0.0,0.0
37.0,-350.99903334702265,0.0,0.0,0.0,0.0,0.0,0.0,0.0,0.0,0.0,0.0,0.0,0.0,0.0,0.0,0.0,0.0,0.0,0.0,0.0,0.0,0.0,0.0,0.0,0.0,0.0,0.0,0.0,0.0,0.0,0.0,0.0,0.0,0.0,0.0,0.0,0.0,0.0,0.0,0.0,0.0,0.0,0.0,0.0,0.0,0.0,0.0,0.0,0.0,0.0,0.0,0.0,0.0,0.0,0.0,0.0,0.0,0.0,0.0,0.0,0.0
37.0,-270.6406284423597,0.0,0.0,0.0,0.0,0.0,0.0,0.0,0.0,0.0,0.0,0.0,0.0,0.0,0.0,0.0,0.0,0.0,0.0,0.0,0.0,0.0,0.0,0.0,0.0,0.0,0.0,0.0,0.0,0.0,0.0,0.0,0.0,0.0,0.0,0.0,0.0,0.0,0.0,0.0,0.0,0.0,0.0,0.0,0.0,0.0,0.0,0.0,0.0,0.0,0.0,0.0,0.0,0.0,0.0,0.0,0.0,0.0,0.0,0.0,0.0
37.0,990.2641525682002,1256.9487,1256.9487,1256.9487,1256.9487,1256.9487,1256.9487,1256.9487,1256.9487,1256.9487,1256.9487,1256.9487,1256.9487,1256.9487,1256.9487,1256.9487,1256.9487,1256.9487,1256.9487,1256.9487,1256.9487,1256.9487,1256.9487,1256.9487,1256.9487,1256.9487,1256.9487,1256.9487,1256.9487,1256.9487,1256.9487,1256.9487,1256.9487,1256.9487,1256.9487,1256.9487,1256.9487,1256.9487,1256.9487,1256.9487,1256.9487,1256.9487,1256.9487,1256.9487,1256.9487,1256.9487,1256.9487,1256.9487,1256.9487,1256.9487,1256.9487,1256.9487,1256.9487,1256.9487,1256.9487,1256.9487,1256.9487,1256.9487,1256.9487,1256.9487,1256.9487
38.0,-150.76758253461418,0.0,0.0,0.0,0.0,0.0,0.0,0.0,0.0,0.0,0.0,0.0,0.0,0.0,0.0,0.0,0.0,0.0,0.0,0.0,0.0,0.0,0.0,0.0,0.0,0.0,0.0,0.0,0.0,0.0,0.0,0.0,0.0,0.0,0.0,0.0,0.0,0.0,0.0,0.0,0.0,0.0,0.0,0.0,0.0,0.0,0.0,0.0,0.0,0.0,0.0,0.0,0.0,0.0,0.0,0.0,0.0,0.0,0.0,0.0,0.0
38.0,-119.41066021050995,0.0,0.0,0.0,0.0,0.0,0.0,0.0,0.0,0.0,0.0,0.0,0.0,0.0,0.0,0.0,0.0,0.0,0.0,0.0,0.0,0.0,0.0,0.0,0.0,0.0,0.0,0.0,0.0,0.0,0.0,0.0,0.0,0.0,0.0,0.0,0.0,0.0,0.0,0.0,0.0,0.0,0.0,0.0,0.0,0.0,0.0,0.0,0.0,0.0,0.0,0.0,0.0,0.0,0.0,0.0,0.0,0.0,0.0,0.0,0.0
38.0,-330.4012909383134,0.0,0.0,0.0,0.0,0.0,0.0,0.0,0.0,0.0,0.0,0.0,0.0,0.0,0.0,0.0,0.0,0.0,0.0,0.0,0.0,0.0,0.0,0.0,0.0,0.0,0.0,0.0,0.0,0.0,0.0,0.0,0.0,0.0,0.0,0.0,0.0,0.0,0.0,0.0,0.0,0.0,0.0,0.0,0.0,0.0,0.0,0.0,0.0,0.0,0.0,0.0,0.0,0.0,0.0,0.0,0.0,0.0,0.0,0.0,0.0
38.0,889.1950027269498,1256.9487,1256.9487,1256.9487,1256.9487,1256.9487,1256.9487,1256.9487,1256.9487,1256.9487,1256.9487,1256.9487,1256.9487,1256.9487,1256.9487,1256.9487,1256.9487,1256.9487,1256.9487,1256.9487,1256.9487,1256.9487,1256.9487,1256.9487,1256.9487,1256.9487,1256.9487,1256.9487,1256.9487,1256.9487,1256.9487,1256.9487,1256.9487,1256.9487,1256.9487,1256.9487,1256.9487,1256.9487,1256.9487,1256.9487,1256.9487,1256.9487,1256.9487,1256.9487,1256.9487,1256.9487,1256.9487,1256.9487,1256.9487,1256.9487,1256.9487,1256.9487,1256.9487,1256.9487,1256.9487,1256.9487,1256.9487,1256.9487,1256.9487,1256.9487,1256.9487
39.0,-145.53639730102321,0.0,0.0,0.0,0.0,0.0,0.0,0.0,0.0,0.0,0.0,0.0,0.0,0.0,0.0,0.0,0.0,0.0,0.0,0.0,0.0,0.0,0.0,0.0,0.0,0.0,0.0,0.0,0.0,0.0,0.0,0.0,0.0,0.0,0.0,0.0,0.0,0.0,0.0,0.0,0.0,0.0,0.0,0.0,0.0,0.0,0.0,0.0,0.0,0.0,0.0,0.0,0.0,0.0,250.0,0.0,0.0,0.0,0.0,0.0,0.0
39.0,475.8830816966231,0.0,0.0,0.0,0.0,0.0,0.0,0.0,0.0,0.0,0.0,0.0,0.0,0.0,0.0,0.0,0.0,0.0,0.0,0.0,0.0,0.0,0.0,0.0,0.0,0.0,0.0,0.0,0.0,0.0,0.0,0.0,0.0,0.0,0.0,0.0,0.0,0.0,0.0,0.0,0.0,0.0,0.0,0.0,0.0,0.0,0.0,0.0,0.0,0.0,0.0,0.0,0.0,0.0,-250.0,0.0,0.0,0.0,0.0,0.0,0.0
39.0,-37.087963734052096,0.0,0.0,0.0,0.0,0.0,0.0,0.0,0.0,0.0,0.0,0.0,0.0,0.0,0.0,0.0,0.0,0.0,0.0,0.0,0.0,0.0,0.0,0.0,0.0,0.0,0.0,0.0,0.0,0.0,0.0,0.0,0.0,0.0,0.0,0.0,0.0,0.0,0.0,0.0,0.0,0.0,0.0,0.0,0.0,0.0,0.0,0.0,0.0,0.0,0.0,0.0,0.0,0.0,-250.0,0.0,0.0,0.0,0.0,0.0,0.0
39.0,1096.2189672209506,1256.9487,1256.9487,1256.9487,1256.9487,1256.9487,1256.9487,1256.9487,1256.9487,1256.9487,1256.9487,1256.9487,1256.9487,1256.9487,1256.9487,1256.9487,1256.9487,1256.9487,1256.9487,1256.9487,1256.9487,1256.9487,1256.9487,1256.9487,1256.9487,1256.9487,1256.9487,1256.9487,1256.9487,1256.9487,1256.9487,1256.9487,1256.9487,1256.9487,1256.9487,1256.9487,1256.9487,1256.9487,1256.9487,1256.9487,1256.9487,1256.9487,1256.9487,1256.9487,1256.9487,1256.9487,1256.9487,1256.9487,1256.9487,1256.9487,1256.9487,1256.9487,1256.9487,1256.9487,1231.1385133965798,1256.9487,1256.9487,1256.9487,1256.9487,1256.9487,1256.9487
40.0,476.99497165350283,0.0,250.0,-250.0,-250.0,-250.0,-250.0,-250.0,-250.0,-250.0,-250.0,-250.0,-250.0,-250.0,-250.0,-250.0,-250.0,-250.0,-250.0,-250.0,-250.0,-250.0,-250.0,-250.0,-250.0,-250.0,-250.0,-250.0,-250.0,-125.0,-250.0,-250.0,-250.0,-250.0,-250.0,-250.0,-250.0,-250.0,-250.0,-250.0,-250.0,-250.0,-250.0,-250.0,-250.0,-250.0,-250.0,-250.0,-250.0,-250.0,-250.0,-250.0,-250.0,-250.0,-250.0,-250.0,-250.0,-250.0,-250.0,-250.0,-250.0
40.0,-20.820409995095133,0.0,-250.0,250.0,250.0,250.0,250.0,250.0,250.0,250.0,250.0,250.0,250.0,250.0,250.0,250.0,250.0,250.0,250.0,250.0,250.0,250.0,250.0,250.0,250.0,250.0,250.0,250.0,250.0,-125.0,250.0,250.0,250.0,250.0,250.0,250.0,250.0,250.0,250.0,250.0,250.0,250.0,250.0,250.0,250.0,250.0,250.0,250.0,250.0,250.0,250.0,250.0,250.0,250.0,250.0,250.0,250.0,250.0,250.0,250.0,250.0
40.0,134.59074139984534,0.0,-250.0,250.0,250.0,250.0,250.0,250.0,250.0,250.0,250.0,250.0,250.0,250.0,250.0,250.0,250.0,250.0,250.0,250.0,250.0,250.0,250.0,250.0,250.0,250.0,250.0,250.0,250.0,125.0,250.0,250.0,250.0,250.0,250.0,250.0,250.0,250.0,250.0,250.0,250.0,250.0,250.0,250.0,250.0,250.0,250.0,250.0,250.0,250.0,250.0,250.0,250.0,250.0,250.0,250.0,250.0,250.0,250.0,250.0,250.0
40.0,1275.2823149070987,1256.9487,1231.1385133965798,1282.75888660342,1282.75888660342,1282.75888660342,1282.75888660342,1282.75888660342,1282.75888660342,1282.75888660342,1282.75888660342,1282.75888660342,1282.75888660342,1282.75888660342,1282.75888660342,1282.75888660342,1282.75888660342,1282.75888660342,1282.75888660342,1282.75888660342,1282.75888660342,1282.75888660342,1282.75888660342,1282.75888660342,1282.75888660342,1282.75888660342,1282.75888660342,1282.75888660342,1282.75888660342,1134.0762824117014,1282.75888660342,1282.75888660342,1282.75888660342,1282.75888660342,1282.75888660342,1282.75888660342,1282.75888660342,1282.75888660342,1282.75888660342,1282.75888660342,1282.75888660342,1282.75888660342,1282.75888660342,1282.75888660342,1282.75888660342,1282.75888660342,1282.75888660342,1282.75888660342,1282.75888660342,1282.75888660342,1282.75888660342,1282.75888660342,1282.75888660342,1282.75888660342,1282.75888660342,1282.75888660342,1282.75888660342,1282.75888660342,1282.75888660342,1282.75888660342,1282.75888660342
41.0,319.0353800823092,0.0,250.0,-250.0,-125.0,375.0,-250.0,-250.0,-250.0,-250.0,125.0,125.0,125.0,125.0,125.0,125.0,125.0,125.0,125.0,125.0,125.0,125.0,125.0,125.0,125.0,125.0,125.0,125.0,125.0,125.0,125.0,125.0,125.0,125.0,125.0,125.0,125.0,125.0,125.0,125.0,125.0,125.0,125.0,125.0,125.0,125.0,125.0,125.0,125.0,125.0,125.0,125.0,125.0,125.0,125.0,125.0,125.0,125.0,125.0,125.0,125.0
41.0,358.6984531135712,0.0,-250.0,250.0,-125.0,375.0,250.0,250.0,250.0,250.0,-375.0,-375.0,-375.0,-375.0,-375.0,-375.0,-375.0,-375.0,-375.0,-375.0,-375.0,-375.0,-375.0,-375.0,-375.0,-375.0,-375.0,-375.0,-375.0,-375.0,-375.0,-375.0,-375.0,-375.0,-375.0,-375.0,-375.0,-375.0,-375.0,-375.0,-375.0,-375.0,-375.0,-375.0,-375.0,-375.0,-375.0,-375.0,-375.0,-375.0,-375.0,-375.0,-375.0,-375.0,-375.0,-375.0,-375.0,-375.0,-375.0,-375.0,-375.0
41.0,-208.07848906124713,0.0,-250.0,250.0,125.0,-375.0,250.0,250.0,250.0,250.0,375.0,375.0,375.0,375.0,375.0,375.0,375.0,375.0,375.0,375.0,375.0,375.0,375.0,375.0,375.0,375.0,375.0,375.0,375.0,375.0,375.0,375.0,375.0,375.0,375.0,375.0,375.0,375.0,375.0,375.0,375.0,375.0,375.0,375.0,375.0,375.0,375.0,375.0,375.0,375.0,375.0,375.0,375.0,375.0,375.0,375.0,375.0,375.0,375.0,375.0,375.0
41.0,1690.6809455819507,1256.9487,1231.1385133965798,1282.75888660342,1134.0762824117014,1072.1303899312986,1282.75888660342,1282.75888660342,1282.75888660342,1282.75888660342,1379.8211175882984,1379.8211175882984,1379.8211175882984,1379.8211175882984,1379.8211175882984,1379.8211175882984,1379.8211175882984,1379.8211175882984,1379.8211175882984,1379.8211175882984,1379.8211175882984,1379.8211175882984,1379.8211175882984,1379.8211175882984,1379.8211175882984,1379.8211175882984,1379.8211175882984,1379.8211175882984,1379.8211175882984,1379.8211175882984,1379.8211175882984,1379.8211175882984,1379.8211175882984,1379.8211175882984,1379.8211175882984,1379.8211175882984,1379.8211175882984,1379.8211175882984,1379.8211175882984,1379.8211175882984,1379.8211175882984,1379.8211175882984,1379.8211175882984,1379.8211175882984,1379.8211175882984,1379.8211175882984,1379.8211175882984,1379.8211175882984,1379.8211175882984,1379.8211175882984,1379.8211175882984,1379.8211175882984,1379.8211175882984,1379.8211175882984,1379.8211175882984,1379.8211175882984,1379.8211175882984,1379.8211175882984,1379.8211175882984,1379.8211175882984,1379.8211175882984
42.0,483.9871002829051,0.0,250.0,-250.0,-125.0,375.0,-250.0,-250.0,-250.0,-250.0,-250.0,-250.0,-250.0,-250.0,-250.0,-250.0,-250.0,-250.0,-250.0,-250.0,-250.0,-250.0,-250.0,-250.0,-250.0,-250.0,-250.0,-250.0,-250.0,-250.0,-250.0,125.0,125.0,125.0,125.0,125.0,125.0,125.0,125.0,125.0,125.0,125.0,125.0,125.0,125.0,125.0,125.0,125.0,125.0,125.0,125.0,125.0,125.0,125.0,125.0,125.0,125.0,125.0,125.0,125.0,125.0
42.0,323.0313922031431,0.0,-250.0,250.0,-125.0,375.0,250.0,250.0,250.0,250.0,250.0,250.0,250.0,250.0,250.0,250.0,250.0,250.0,250.0,250.0,250.0,250.0,250.0,250.0,250.0,250.0,250.0,250.0,250.0,250.0,250.0,-375.0,-375.0,-375.0,-375.0,-375.0,-375.0,-375.0,-375.0,-375.0,-375.0,-375.0,-375.0,-375.0,-375.0,-375.0,-375.0,-375.0,-375.0,-375.0,-375.0,-375.0,-375.0,-375.0,-375.0,-375.0,-375.0,-375.0,-375.0,-375.0,-375.0
42.0,130.9585334151991,0.0,-250.0,250.0,125.0,-375.0,250.0,250.0,250.0,250.0,250.0,250.0,250.0,250.0,250.0,250.0,250.0,250.0,250.0,250.0,250.0,250.0,250.0,250.0,250.0,250.0,250.0,250.0,250.0,250.0,250.0,375.0,375.0,375.0,375.0,375.0,375.0,375.0,375.0,375.0,375.0,375.0,375.0,375.0,375.0,375.0,375.0,375.0,375.0,375.0,375.0,375.0,375.0,375.0,375.0,375.0,375.0,375.0,375.0,375.0,375.0
42.0,1627.3650709565454,1256.9487,1231.1385133965798,1282.75888660342,1134.0762824117014,1072.1303899312986,1282.75888660342,1282.75888660342,1282.75888660342,1282.75888660342,1282.75888660342,1282.75888660342,1282.75888660342,1282.75888660342,1282.75888660342,1282.75888660342,1282.75888660342,1282.75888660342,1282.75888660342,1282.75888660342,1282.75888660342,1282.75888660342,1282.75888660342,1282.75888660342,1282.75888660342,1282.75888660342,1282.75888660342,1282.75888660342,1282.75888660342,1282.75888660342,1282.75888660342,1379.8211175882984,1379.8211175882984,1379.8211175882984,1379.8211175882984,1379.8211175882984,1379.8211175882984,1379.8211175882984,1379.8211175882984,1379.8211175882984,1379.8211175882984,1379.8211175882984,1379.8211175882984,1379.8211175882984,1379.8211175882984,1379.8211175882984,1379.8211175882984,1379.8211175882984,1379.8211175882984,1379.8211175882984,1379.8211175882984,1379.8211175882984,1379.8211175882984,1379.8211175882984,1379.8211175882984,1379.8211175882984,1379.8211175882984,1379.8211175882984,1379.8211175882984,1379.8211175882984,1379.8211175882984
43.0,-117.17221417780712,0.0,250.0,-250.0,-250.0,-250.0,-250.0,-250.0,-125.0,-250.0,-250.0,-250.0,-250.0,-250.0,-250.0,-250.0,-250.0,-250.0,-250.0,-250.0,-250.0,-250.0,-250.0,-250.0,-250.0,-250.0,-250.0,-250.0,-250.0,-250.0,-250.0,-250.0,-250.0,-250.0,-250.0,-250.0,-250.0,-250.0,-250.0,-250.0,-250.0,-250.0,-250.0,-250.0,-250.0,-250.0,-250.0,-250.0,-250.0,-250.0,-250.0,-250.0,-250.0,-250.0,-250.0,-250.0,-250.0,375.0,-250.0,-250.0,-250.0
43.0,-409.1908771579249,0.0,-250.0,250.0,250.0,250.0,250.0,250.0,-125.0,250.0,250.0,250.0,250.0,250.0,250.0,250.0,250.0,250.0,250.0,250.0,250.0,250.0,250.0,250.0,250.0,250.0,250.0,250.0,250.0,250.0,250.0,250.0,250.0,250.0,250.0,250.0,250.0,250.0,250.0,250.0,250.0,250.0,250.0,250.0,250.0,250.0,250.0,250.0,250.0,250.0,250.0,250.0,250.0,250.0,250.0,250.0,250.0,375.0,250.0,250.0,250.0
43.0,-274.02177900281924,0.0,-250.0,250.0,250.0,250.0,250.0,250.0,125.0,250.0,250.0,250.0,250.0,250.0,250.0,250.0,250.0,250.0,250.0,250.0,250.0,250.0,250.0,250.0,250.0,250.0,250.0,250.0,250.0,250.0,250.0,250.0,250.0,250.0,250.0,250.0,250.0,250.0,250.0,250.0,250.0,250.0,250.0,250.0,250.0,250.0,250.0,250.0,250.0,250.0,250.0,250.0,250.0,250.0,250.0,250.0,250.0,-375.0,250.0,250.0,250.0
43.0,1338.088737264095,1256.9487,1231.1385133965798,1282.75888660342,1282.75888660342,1282.75888660342,1282.75888660342,1282.75888660342,1134.0762824117014,1282.75888660342,1282.75888660342,1282.75888660342,1282.75888660342,1282.75888660342,1282.75888660342,1282.75888660342,1282.75888660342,1282.75888660342,1282.75888660342,1282.75888660342,1282.75888660342,1282.75888660342,1282.75888660342,1282.75888660342,1282.75888660342,1282.75888660342,1282.75888660342,1282.75888660342,1282.75888660342,1282.75888660342,1282.75888660342,1282.75888660342,1282.75888660342,1282.75888660342,1282.75888660342,1282.75888660342,1282.75888660342,1282.75888660342,1282.75888660342,1282.75888660342,1282.75888660342,1282.75888660342,1282.75888660342,1282.75888660342,1282.75888660342,1282.75888660342,1282.75888660342,1282.75888660342,1282.75888660342,1282.75888660342,1282.75888660342,1282.75888660342,1282.75888660342,1282.75888660342,1282.75888660342,1282.75888660342,1282.75888660342,1072.1303899312986,1282.75888660342,1282.75888660342,1282.75888660342
44.0,-113.90159582039053,0.0,250.0,-250.0,-125.0,-250.0,-250.0,-250.0,-250.0,-250.0,-250.0,-250.0,-250.0,-250.0,-250.0,-250.0,-250.0,-250.0,-250.0,-250.0,-250.0,375.0,-250.0,-250.0,-250.0,-250.0,-250.0,-250.0,-250.0,-250.0,-250.0,-250.0,-250.0,-250.0,-250.0,-250.0,-250.0,-250.0,-250.0,-250.0,-250.0,-250.0,-250.0,-250.0,-250.0,-250.0,-250.0,-250.0,-250.0,-250.0,-250.0,-250.0,-250.0,-250.0,-250.0,-250.0,-250.0,-250.0,-250.0,-250.0,-250.0
44.0,-488.5014228137561,0.0,-250.0,250.0,-125.0,250.0,250.0,250.0,250.0,250.0,250.0,250.0,250.0,250.0,250.0,250.0,250.0,250.0,250.0,250.0,250.0,375.0,250.0,250.0,250.0,250.0,250.0,250.0,250.0,250.0,250.0,250.0,250.0,250.0,250.0,250.0,250.0,250.0,250.0,250.0,250.0,250.0,250.0,250.0,250.0,250.0,250.0,250.0,250.0,250.0,250.0,250.0,250.0,250.0,250.0,250.0,250.0,250.0,250.0,250.0,250.0
44.0,-397.37553963796114,0.0,-250.0,250.0,125.0,250.0,250.0,250.0,250.0,250.0,250.0,250.0,250.0,250.0,250.0,250.0,250.0,250.0,250.0,250.0,250.0,-375.0,250.0,250.0,250.0,250.0,250.0,250.0,250.0,250.0,250.0,250.0,250.0,250.0,250.0,250.0,250.0,250.0,250.0,250.0,250.0,250.0,250.0,250.0,250.0,250.0,250.0,250.0,250.0,250.0,250.0,250.0,250.0,250.0,250.0,250.0,250.0,250.0,250.0,250.0,250.0
44.0,1446.217084327686,1256.9487,1231.1385133965798,1282.75888660342,1134.0762824117014,1282.75888660342,1282.75888660342,1282.75888660342,1282.75888660342,1282.75888660342,1282.75888660342,1282.75888660342,1282.75888660342,1282.75888660342,1282.75888660342,1282.75888660342,1282.75888660342,1282.75888660342,1282.75888660342,1282.75888660342,1282.75888660342,1072.1303899312986,1282.75888660342,1282.75888660342,1282.75888660342,1282.75888660342,1282.75888660342,1282.75888660342,1282.75888660342,1282.75888660342,1282.75888660342,1282.75888660342,1282.75888660342,1282.75888660342,1282.75888660342,1282.75888660342,1282.75888660342,1282.75888660342,1282.75888660342,1282.75888660342,1282.75888660342,1282.75888660342,1282.75888660342,1282.75888660342,1282.75888660342,1282.75888660342,1282.75888660342,1282.75888660342,1282.75888660342,1282.75888660342,1282.75888660342,1282.75888660342,1282.75888660342,1282.75888660342,1282.75888660342,1282.75888660342,1282.75888660342,1282.75888660342,1282.75888660342,1282.75888660342,1282.75888660342
45.0,-486.4359323903926,0.0,250.0,-250.0,-125.0,375.0,125.0,125.0,125.0,125.0,125.0,125.0,125.0,125.0,125.0,125.0,125.0,125.0,125.0,125.0,125.0,125.0,125.0,125.0,125.0,125.0,125.0,125.0,125.0,125.0,125.0,125.0,125.0,125.0,125.0,125.0,125.0,125.0,125.0,125.0,125.0,125.0,125.0,125.0,125.0,125.0,125.0,125.0,125.0,125.0,125.0,125.0,125.0,125.0,125.0,125.0,125.0,125.0,125.0,125.0,125.0
45.0,-400.91245958998167,0.0,-250.0,250.0,-125.0,375.0,-375.0,-375.0,-375.0,-375.0,-375.0,-375.0,-375.0,-375.0,-375.0,-375.0,-375.0,-375.0,-375.0,-375.0,-375.0,-375.0,-375.0,-375.0,-375.0,-375.0,-375.0,-375.0,-375.0,-375.0,-375.0,-375.0,-375.0,-375.0,-375.0,-375.0,-375.0,-375.0,-375.0,-375.0,-375.0,-375.0,-375.0,-375.0,-375.0,-375.0,-375.0,-375.0,-375.0,-375.0,-375.0,-375.0,-375.0,-375.0,-375.0,-375.0,-375.0,-375.0,-375.0,-375.0,-375.0
45.0,309.4864816680532,0.0,-250.0,250.0,125.0,-375.0,375.0,375.0,375.0,375.0,375.0,375.0,375.0,375.0,375.0,375.0,375.0,375.0,375.0,375.0,375.0,375.0,375.0,375.0,375.0,375.0,375.0,375.0,375.0,375.0,375.0,375.0,375.0,375.0,375.0,375.0,375.0,375.0,375.0,375.0,375.0,375.0,375.0,375.0,375.0,375.0,375.0,375.0,375.0,375.0,375.0,375.0,375.0,375.0,375.0,375.0,375.0,375.0,375.0,375.0,375.0
45.0,1889.818911681436,1256.9487,1231.1385133965798,1282.75888660342,1134.0762824117014,1072.1303899312986,1379.8211175882984,1379.8211175882984,1379.8211175882984,1379.8211175882984,1379.8211175882984,1379.8211175882984,1379.8211175882984,1379.8211175882984,1379.8211175882984,1379.8211175882984,1379.8211175882984,1379.8211175882984,1379.8211175882984,1379.8211175882984,1379.8211175882984,1379.8211175882984,1379.8211175882984,1379.8211175882984,1379.8211175882984,1379.8211175882984,1379.8211175882984,1379.8211175882984,1379.8211175882984,1379.8211175882984,1379.8211175882984,1379.8211175882984,1379.8211175882984,1379.8211175882984,1379.8211175882984,1379.8211175882984,1379.8211175882984,1379.8211175882984,1379.8211175882984,1379.8211175882984,1379.8211175882984,1379.8211175882984,1379.8211175882984,1379.8211175882984,1379.8211175882984,1379.8211175882984,1379.8211175882984,1379.8211175882984,1379.8211175882984,1379.8211175882984,1379.8211175882984,1379.8211175882984,1379.8211175882984,1379.8211175882984,1379.8211175882984,1379.8211175882984,1379.8211175882984,1379.8211175882984,1379.8211175882984,1379.8211175882984,1379.8211175882984
46.0,-133.98866619737402,0.0,250.0,-250.0,-250.0,-250.0,-250.0,-250.0,-250.0,-250.0,-250.0,-250.0,-125.0,-250.0,-250.0,-250.0,-250.0,-250.0,-250.0,-250.0,-250.0,-250.0,-250.0,-250.0,-250.0,-250.0,-250.0,-250.0,-250.0,-250.0,-250.0,-250.0,-250.0,-250.0,-250.0,-250.0,-250.0,-250.0,-250.0,-250.0,-250.0,-250.0,-250.0,-250.0,-250.0,-250.0,-250.0,-250.0,-250.0,-250.0,-250.0,-250.0,-250.0,-250.0,-250.0,-250.0,-250.0,-250.0,-250.0,-250.0,-250.0
46.0,286.2786141548295,0.0,-250.0,250.0,250.0,250.0,250.0,250.0,250.0,250.0,250.0,250.0,-125.0,250.0,250.0,250.0,250.0,250.0,250.0,250.0,250.0,250.0,250.0,250.0,250.0,250.0,250.0,250.0,250.0,250.0,250.0,250.0,250.0,250.0,250.0,250.0,250.0,250.0,250.0,250.0,250.0,250.0,250.0,250.0,250.0,250.0,250.0,250.0,250.0,250.0,250.0,250.0,250.0,250.0,250.0,250.0,250.0,250.0,250.0,250.0,250.0
46.0,-141.43607046038676,0.0,-250.0,250.0,250.0,250.0,250.0,250.0,250.0,250.0,250.0,250.0,125.0,250.0,250.0,250.0,250.0,250.0,250.0,250.0,250.0,250.0,250.0,250.0,250.0,250.0,250.0,250.0,250.0,250.0,250.0,250.0,250.0,250.0,250.0,250.0,250.0,250.0,250.0,250.0,250.0,250.0,250.0,250.0,250.0,250.0,250.0,250.0,250.0,250.0,250.0,250.0,250.0,250.0,250.0,250.0,250.0,250.0,250.0,250.0,250.0
46.0,1324.647242436735,1256.9487,1231.1385133965798,1282.75888660342,1282.75888660342,1282.75888660342,1282.75888660342,1282.75888660342,1282.75888660342,1282.75888660342,1282.75888660342,1282.75888660342,1134.0762824117014,1282.75888660342,1282.75888660342,1282.75888660342,1282.75888660342,1282.75888660342,1282.75888660342,1282.75888660342,1282.75888660342,1282.75888660342,1282.75888660342,1282.75888660342,1282.75888660342,1282.75888660342,1282.75888660342,1282.75888660342,1282.75888660342,1282.75888660342,1282.75888660342,1282.75888660342,1282.75888660342,1282.75888660342,1282.75888660342,1282.75888660342,1282.75888660342,1282.75888660342,1282.75888660342,1282.75888660342,1282.75888660342,1282.75888660342,1282.75888660342,1282.75888660342,1282.75888660342,1282.75888660342,1282.75888660342,1282.75888660342,1282.75888660342,1282.75888660342,1282.75888660342,1282.75888660342,1282.75888660342,1282.75888660342,1282.75888660342,1282.75888660342,1282.75888660342,1282.75888660342,1282.75888660342,1282.75888660342,1282.75888660342
47.0,80.69627281551266,0.0,250.0,-250.0,-125.0,375.0,125.0,125.0,125.0,125.0,125.0,125.0,125.0,125.0,125.0,125.0,125.0,125.0,125.0,125.0,125.0,125.0,125.0,125.0,125.0,125.0,125.0,125.0,125.0,125.0,125.0,125.0,125.0,125.0,125.0,125.0,125.0,125.0,125.0,125.0,125.0,125.0,125.0,125.0,125.0,125.0,125.0,125.0,125.0,125.0,125.0,125.0,125.0,125.0,125.0,125.0,125.0,125.0,125.0,125.0,125.0
47.0,-414.8766157901609,0.0,-250.0,250.0,-125.0,375.0,-375.0,-375.0,-375.0,-375.0,-375.0,-375.0,-375.0,-375.0,-375.0,-375.0,-375.0,-375.0,-375.0,-375.0,-375.0,-375.0,-375.0,-375.0,-375.0,-375.0,-375.0,-375.0,-375.0,-375.0,-375.0,-375.0,-375.0,-375.0,-375.0,-375.0,-375.0,-375.0,-375.0,-375.0,-375.0,-375.0,-375.0,-375.0,-375.0,-375.0,-375.0,-375.0,-375.0,-375.0,-375.0,-375.0,-375.0,-375.0,-375.0,-375.0,-375.0,-375.0,-375.0,-375.0,-375.0
47.0,-188.17193503491467,0.0,-250.0,250.0,125.0,-375.0,375.0,375.0,375.0,375.0,375.0,375.0,375.0,375.0,375.0,375.0,375.0,375.0,375.0,375.0,375.0,375.0,375.0,375.0,375.0,375.0,375.0,375.0,375.0,375.0,375.0,375.0,375.0,375.0,375.0,375.0,375.0,375.0,375.0,375.0,375.0,375.0,375.0,375.0,375.0,375.0,375.0,375.0,375.0,375.0,375.0,375.0,375.0,375.0,375.0,375.0,375.0,375.0,375.0,375.0,375.0
47.0,1808.6239256835934,1256.9487,1231.1385133965798,1282.75888660342,1134.0762824117014,1072.1303899312986,1379.8211175882984,1379.8211175882984,1379.8211175882984,1379.8211175882984,1379.8211175882984,1379.8211175882984,1379.8211175882984,1379.8211175882984,1379.8211175882984,1379.8211175882984,1379.8211175882984,1379.8211175882984,1379.8211175882984,1379.8211175882984,1379.8211175882984,1379.8211175882984,1379.8211175882984,1379.8211175882984,1379.8211175882984,1379.8211175882984,1379.8211175882984,1379.8211175882984,1379.8211175882984,1379.8211175882984,1379.8211175882984,1379.8211175882984,1379.8211175882984,1379.8211175882984,1379.8211175882984,1379.8211175882984,1379.8211175882984,1379.8211175882984,1379.8211175882984,1379.8211175882984,1379.8211175882984,1379.8211175882984,1379.8211175882984,1379.8211175882984,1379.8211175882984,1379.8211175882984,1379.8211175882984,1379.8211175882984,1379.8211175882984,1379.8211175882984,1379.8211175882984,1379.8211175882984,1379.8211175882984,1379.8211175882984,1379.8211175882984,1379.8211175882984,1379.8211175882984,1379.8211175882984,1379.8211175882984,1379.8211175882984,1379.8211175882984
48.0,-400.855416877678,0.0,250.0,-250.0,-125.0,375.0,-250.0,-250.0,-250.0,-250.0,-250.0,-250.0,-250.0,-250.0,-250.0,-250.0,-250.0,-250.0,-250.0,-250.0,-250.0,-250.0,-250.0,-250.0,-250.0,-250.0,-250.0,-250.0,-250.0,-250.0,125.0,125.0,125.0,125.0,125.0,125.0,125.0,125.0,125.0,125.0,125.0,125.0,125.0,125.0,125.0,125.0,125.0,125.0,125.0,125.0,125.0,125.0,125.0,125.0,125.0,125.0,125.0,125.0,125.0,125.0,125.0
48.0,49.10784913537054,0.0,-250.0,250.0,-125.0,375.0,250.0,250.0,250.0,250.0,250.0,250.0,250.0,250.0,250.0,250.0,250.0,250.0,250.0,250.0,250.0,250.0,250.0,250.0,250.0,250.0,250.0,250.0,250.0,250.0,-375.0,-375.0,-375.0,-375.0,-375.0,-375.0,-375.0,-375.0,-375.0,-375.0,-375.0,-375.0,-375.0,-375.0,-375.0,-375.0,-375.0,-375.0,-375.0,-375.0,-375.0,-375.0,-375.0,-375.0,-375.0,-375.0,-375.0,-375.0,-375.0,-375.0,-375.0
48.0,-50.21827199829556,0.0,-250.0,250.0,125.0,-375.0,250.0,250.0,250.0,250.0,250.0,250.0,250.0,250.0,250.0,250.0,250.0,250.0,250.0,250.0,250.0,250.0,250.0,250.0,250.0,250.0,250.0,250.0,250.0,250.0,375.0,375.0,375.0,375.0,375.0,375.0,375.0,375.0,375.0,375.0,375.0,375.0,375.0,375.0,375.0,375.0,375.0,375.0,375.0,375.0,375.0,375.0,375.0,375.0,375.0,375.0,375.0,375.0,375.0,375.0,375.0
48.0,1629.9126461427834,1256.9487,1231.1385133965798,1282.75888660342,1134.0762824117014,1072.1303899312986,1282.75888660342,1282.75888660342,1282.75888660342,1282.75888660342,1282.75888660342,1282.75888660342,1282.75888660342,1282.75888660342,1282.75888660342,1282.75888660342,1282.75888660342,1282.75888660342,1282.75888660342,1282.75888660342,1282.75888660342,1282.75888660342,1282.75888660342,1282.75888660342,1282.75888660342,1282.75888660342,1282.75888660342,1282.75888660342,1282.75888660342,1282.75888660342,1379.8211175882984,1379.8211175882984,1379.8211175882984,1379.8211175882984,1379.8211175882984,1379.8211175882984,1379.8211175882984,1379.8211175882984,1379.8211175882984,1379.8211175882984,1379.8211175882984,1379.8211175882984,1379.8211175882984,1379.8211175882984,1379.8211175882984,1379.8211175882984,1379.8211175882984,1379.8211175882984,1379.8211175882984,1379.8211175882984,1379.8211175882984,1379.8211175882984,1379.8211175882984,1379.8211175882984,1379.8211175882984,1379.8211175882984,1379.8211175882984,1379.8211175882984,1379.8211175882984,1379.8211175882984,1379.8211175882984
49.0,-419.2510155607972,0.0,0.0,0.0,0.0,0.0,0.0,0.0,0.0,0.0,0.0,0.0,0.0,0.0,0.0,0.0,0.0,0.0,0.0,0.0,0.0,0.0,0.0,0.0,0.0,0.0,0.0,0.0,0.0,0.0,0.0,0.0,0.0,0.0,0.0,0.0,0.0,0.0,0.0,0.0,0.0,0.0,0.0,0.0,0.0,0.0,0.0,0.0,0.0,0.0,0.0,0.0,0.0,0.0,0.0,0.0,0.0,0.0,0.0,0.0,0.0
49.0,436.2431732601739,0.0,0.0,0.0,0.0,0.0,0.0,0.0,0.0,0.0,0.0,0.0,0.0,0.0,0.0,0.0,0.0,0.0,0.0,0.0,0.0,0.0,0.0,0.0,0.0,0.0,0.0,0.0,0.0,0.0,0.0,0.0,0.0,0.0,0.0,0.0,0.0,0.0,0.0,0.0,0.0,0.0,0.0,0.0,0.0,0.0,0.0,0.0,0.0,0.0,0.0,0.0,0.0,0.0,0.0,0.0,0.0,0.0,0.0,0.0,0.0
49.0,450.46606623009916,0.0,0.0,0.0,0.0,0.0,0.0,0.0,0.0,0.0,0.0,0.0,0.0,0.0,0.0,0.0,0.0,0.0,0.0,0.0,0.0,0.0,0.0,0.0,0.0,0.0,0.0,0.0,0.0,0.0,0.0,0.0,0.0,0.0,0.0,0.0,0.0,0.0,0.0,0.0,0.0,0.0,0.0,0.0,0.0,0.0,0.0,0.0,0.0,0.0,0.0,0.0,0.0,0.0,0.0,0.0,0.0,0.0,0.0,0.0,0.0
49.0,973.2464722764848,1256.9487,1256.9487,1256.9487,1256.9487,1256.9487,1256.9487,1256.9487,1256.9487,1256.9487,1256.9487,1256.9487,1256.9487,1256.9487,1256.9487,1256.9487,1256.9487,1256.9487,1256.9487,1256.9487,1256.9487,1256.9487,1256.9487,1256.9487,1256.9487,1256.9487,1256.9487,1256.9487,1256.9487,1256.9487,1256.9487,1256.9487,1256.9487,1256.9487,1256.9487,1256.9487,1256.9487,1256.9487,1256.9487,1256.9487,1256.9487,1256.9487,1256.9487,1256.9487,1256.9487,1256.9487,1256.9487,1256.9487,1256.9487,1256.9487,1256.9487,1256.9487,1256.9487,1256.9487,1256.9487,1256.9487,1256.9487,1256.9487,1256.9487,1256.9487,1256.9487
50.0,-274.9127341932616,0.0,0.0,0.0,0.0,0.0,0.0,0.0,0.0,0.0,0.0,0.0,0.0,0.0,0.0,0.0,0.0,0.0,0.0,0.0,0.0,0.0,0.0,0.0,0.0,0.0,0.0,0.0,0.0,0.0,0.0,0.0,0.0,0.0,0.0,0.0,0.0,0.0,0.0,0.0,0.0,0.0,0.0,0.0,0.0,0.0,0.0,0.0,0.0,0.0,0.0,0.0,0.0,0.0,0.0,0.0,0.0,0.0,0.0,0.0,0.0
50.0,366.7750526120525,0.0,0.0,0.0,0.0,0.0,0.0,0.0,0.0,0.0,0.0,0.0,0.0,0.0,0.0,0.0,0.0,0.0,0.0,0.0,0.0,0.0,0.0,0.0,0.0,0.0,0.0,0.0,0.0,0.0,0.0,0.0,0.0,0.0,0.0,0.0,0.0,0.0,0.0,0.0,0.0,0.0,0.0,0.0,0.0,0.0,0.0,0.0,0.0,0.0,0.0,0.0,0.0,0.0,0.0,0.0,0.0,0.0,0.0,0.0,0.0
50.0,378.50137031924703,0.0,0.0,0.0,0.0,0.0,0.0,0.0,0.0,0.0,0.0,0.0,0.0,0.0,0.0,0.0,0.0,0.0,0.0,0.0,0.0,0.0,0.0,0.0,0.0,0.0,0.0,0.0,0.0,0.0,0.0,0.0,0.0,0.0,0.0,0.0,0.0,0.0,0.0,0.0,0.0,0.0,0.0,0.0,0.0,0.0,0.0,0.0,0.0,0.0,0.0,0.0,0.0,0.0,0.0,0.0,0.0,0.0,0.0,0.0,0.0
50.0,721.9014014342675,1256.9487,1256.9487,1256.9487,1256.9487,1256.9487,1256.9487,1256.9487,1256.9487,1256.9487,1256.9487,1256.9487,1256.9487,1256.9487,1256.9487,1256.9487,1256.9487,1256.9487,1256.9487,1256.9487,1256.9487,1256.9487,1256.9487,1256.9487,1256.9487,1256.9487,1256.9487,1256.9487,1256.9487,1256.9487,1256.9487,1256.9487,1256.9487,1256.9487,1256.9487,1256.9487,1256.9487,1256.9487,1256.9487,1256.9487,1256.9487,1256.9487,1256.9487,1256.9487,1256.9487,1256.9487,1256.9487,1256.9487,1256.9487,1256.9487,1256.9487,1256.9487,1256.9487,1256.9487,1256.9487,1256.9487,1256.9487,1256.9487,1256.9487,1256.9487,1256.9487
