trial,0,1,2,3,4,5,6,7,8,9,10,11,12,13,14,15,16,17,18,19,20,21,22,23,24,25,26,27,28,29,30,31,32,33,34,35,36,37,38,39,40,41,42,43,44,45,46,47,48,49,50,51,52,53,54,55,56,57,58,59,60
-1.0,-1.0,-1.0,-1.0,-1.0,-1.0,-1.0,-1.0,-1.0,-1.0,-1.0,-1.0,-1.0,-1.0,-1.0,-1.0,-1.0,-1.0,-1.0,-1.0,-1.0,-1.0,-1.0,-1.0,-1.0,-1.0,-1.0,-1.0,-1.0,-1.0,-1.0,-1.0,-1.0,-1.0,-1.0,-1.0,-1.0,-1.0,-1.0,-1.0,-1.0,-1.0,-1.0,-1.0,-1.0,-1.0,-1.0,-1.0,-1.0,-1.0,-1.0,-1.0,-1.0,-1.0,-1.0,-1.0,-1.0,-1.0,-1.0,-1.0,-1.0,-1.0
1.0,0.0,0.7695305916520495,0.771186923669919,0.771186923669919,0.771186923669919,0.771186923669919,0.7817644350929674,0.8114164195390777,0.8469383953463435,0.8791442981460762,0.9022892721194102,0.917206292746128,0.9185604910210642,0.918904001354036,0.9189593601865803,0.9189868545864206,0.919008221752754,0.9190256544924456,0.9190393385523599,0.9190487592241068,0.919052925609971,0.919052925609971,0.919052925609971,0.919052925609971,0.919052925609971,0.919052925609971,0.919052925609971,0.919052925609971,0.919052925609971,0.919052925609971,0.919052925609971,0.919052925609971,0.919052925609971,0.919052925609971,0.919052925609971,0.919052925609971,0.919052925609971,0.919052925609971,0.919052925609971,0.919052925609971,0.919052925609971,0.919052925609971,0.919052925609971,0.919052925609971,0.919052925609971,0.919052925609971,0.919052925609971,0.919052925609971,0.919052925609971,0.919052925609971,0.9206561948268253,0.9235196221629436,0.9246441055094686,0.9246441055094686,0.9246441055094686,0.9246441055094686,0.9246441055094686,0.9246441055094686,0.9246441055094686,0.9246441055094686,0.9246441055094686
2.0,0.0,0.0,0.6605536861161616,0.7013854509231914,0.7013854509231914,0.7360773762430131,0.7994252363155709,0.8053653543552166,0.8066843546259317,0.8146699165443895,0.8220492051512278,0.8262962693566868,0.8309099621353198,0.8369110188278586,0.8440987311161846,0.8496965638871641,0.8515405327801501,0.8515405327801501,0.8515405327801501,0.9653111521393144,0.9653111521393144,0.9653111521393144,0.9653111521393144,0.9653111521393144,0.9653111521393144,0.9653111521393144,0.9653111521393144,0.9653111521393144,0.9653111521393144,0.9653111521393144,0.9653111521393144,0.9653111521393144,0.9653111521393144,0.9653111521393144,0.9653111521393144,0.9653111521393144,0.9653111521393144,0.9653111521393144,0.9653111521393144,0.9653111521393144,0.9653111521393144,0.9653111521393144,0.9653111521393144,0.9653111521393144,0.9653111521393144,0.9653111521393144,0.9653111521393144,0.9653111521393144,0.9653111521393144,0.9653111521393144,0.9653111521393144,0.9653111521393144,0.9653111521393144,0.9653111521393144,0.9653111521393144,0.9653111521393144,0.9653111521393144,0.9653111521393144,0.9653111521393144,0.9653111521393144,0.9653111521393144
3.0,0.0,0.0,0.16685652204296558,0.5708822799896285,0.5931579356057544,0.5998527722784179,0.5998527722784179,0.5998527722784179,0.5998527722784179,0.5998527722784179,0.5998527722784179,0.5998527722784179,0.6105881497045479,0.6130248438193231,0.613273876081882,0.613273876081882,0.613273876081882,0.613273876081882,0.613273876081882,0.613273876081882,0.6154430699081073,0.6154430699081073,0.6154430699081073,0.6154430699081073,0.6154430699081073,0.6154430699081073,0.6154430699081073,0.6154430699081073,0.6154430699081073,0.6154430699081073,0.6154430699081073,0.6154430699081073,0.6154430699081073,0.6154430699081073,0.6154430699081073,0.6154430699081073,0.6154430699081073,0.6154430699081073,0.6154430699081073,0.6154430699081073,0.6154430699081073,0.6154430699081073,0.6154430699081073,0.6154430699081073,0.6154430699081073,0.6154430699081073,0.6154430699081073,0.6154430699081073,0.6154430699081073,0.6154430699081073,0.6154430699081073,0.6154430699081073,0.6154430699081073,0.6154430699081073,0.6154430699081073,0.6154430699081073,0.6154430699081073,0.6154430699081073,0.6154430699081073,0.6154430699081073,0.6154430699081073
4.0,0.0,0.0,0.0,0.0,0.0,0.0,0.0,0.0,0.0,0.0,0.0,0.0,0.0,0.0,0.0,0.0,0.0,0.0,0.0,0.0,0.0,0.0,0.0,0.0,0.0,0.0,0.0,0.0,0.0,0.0,0.0,0.0,0.0,0.0,0.0,0.0,0.0,0.0,0.0,0.0,0.0,0.0,0.0,0.0,0.0,0.0,0.0,0.0,0.0,0.0,0.0,0.0,0.0,0.0,0.0,0.0,0.0,0.0,0.0,0.0,0.0
5.0,0.0,0.7944072777148359,0.7944072777148359,0.7944072777148359,0.7954882831767984,0.8031526550271209,0.8107189865384166,0.8206063311167131,0.8235871499518642,0.8244043239543027,0.8294769977856178,0.8322026171243955,0.8324359048916766,0.8324359048916766,0.8324359048916766,0.9277601090202192,0.9277601090202192,0.9365149755756956,0.9477900063101801,0.9575519918038501,0.9647797431267637,0.9647797431267637,0.9647797431267637,0.9647797431267637,0.9647797431267637,0.9647797431267637,0.9647797431267637,0.9647797431267637,0.9647797431267637,0.9647797431267637,0.9647797431267637,0.9647797431267637,0.9647797431267637,0.9647797431267637,0.9647797431267637,0.9647797431267637,0.9647797431267637,0.9647797431267637,0.9647797431267637,0.9647797431267637,0.9647797431267637,0.9647797431267637,0.9647797431267637,0.9647797431267637,0.9647797431267637,0.9647797431267637,0.9647797431267637,0.9647797431267637,0.9647797431267637,0.9647797431267637,0.9647797431267637,0.9647797431267637,0.9647797431267637,0.9647797431267637,0.9647797431267637,0.9647797431267637,0.9647797431267637,0.9647797431267637,0.9647797431267637,0.9647797431267637,0.9647797431267637
6.0,0.0,0.0,0.20911942366248337,0.21103628640525812,0.21103628640525812,0.21103628640525812,0.2241689546747877,0.2924124419169756,0.31491083304227746,0.3284677497137053,0.358767222150408,0.39349578939179786,0.4127103153049103,0.4148866981866815,0.4151320517085872,0.4151320517085872,0.5681404872906685,0.5681404872906685,0.5690248925050949,0.5690248925050949,0.5690248925050949,0.5690248925050949,0.5690248925050949,0.5690248925050949,0.5690248925050949,0.5690248925050949,0.5690248925050949,0.5690248925050949,0.8106072750321314,0.8106072750321314,0.8317324088270406,0.8606322905773345,0.8869786526476473,0.9053864820919553,0.9216865098176358,0.9274995123198263,0.9274995123198263,0.9274995123198263,0.9274995123198263,0.9274995123198263,0.9274995123198263,0.9274995123198263,0.9274995123198263,0.9274995123198263,0.9284842174756481,0.9296127595420225,0.9296127595420225,0.9296127595420225,0.9296127595420225,0.9296127595420225,0.9296127595420225,0.9296127595420225,0.9296127595420225,0.9296127595420225,0.9296127595420225,0.9322024685610879,0.933074540647775,0.9334272260014657,0.9334272260014657,0.9334272260014657,0.9334272260014657
7.0,0.0,0.0,0.0,0.0,0.0,0.0,0.0,0.0,0.38817260158083317,0.38817260158083317,0.4080239384861935,0.4080239384861935,0.543766689704948,0.6458931324076889,0.71130786323818,0.7521887867270937,0.7610199025661778,0.7686251259052059,0.7686822602346596,0.7688794424301022,0.7690204444023022,0.769123331084363,0.7692020545461219,0.7692020545461219,0.7692020545461219,0.7692020545461219,0.7692020545461219,0.7692020545461219,0.7692020545461219,0.7692020545461219,0.7692020545461219,0.7692020545461219,0.7692020545461219,0.7692020545461219,0.7692020545461219,0.7692020545461219,0.7692020545461219,0.7692020545461219,0.7692020545461219,0.7692020545461219,0.7692020545461219,0.7692020545461219,0.7692020545461219,0.7692020545461219,0.7692020545461219,0.7692020545461219,0.7692020545461219,0.7692020545461219,0.7692020545461219,0.7692020545461219,0.7692020545461219,0.7692020545461219,0.7692020545461219,0.7692020545461219,0.7692020545461219,0.7692020545461219,0.7692020545461219,0.7692020545461219,0.7692020545461219,0.7692020545461219,0.7692020545461219
8.0,0.0,0.9515603892371972,0.9515603892371972,0.9515603892371972,0.9515603892371972,0.9603765503166718,0.9612024701151112,0.9612800081921393,0.9658158363855763,0.9801989235988159,0.9801989235988159,0.9801989235988159,0.9801989235988159,0.9801989235988159,0.9801989235988159,0.9801989235988159,0.9801989235988159,0.9801989235988159,0.9801989235988159,0.9801989235988159,0.9801989235988159,0.9801989235988159,0.9801989235988159,0.9801989235988159,0.9801989235988159,0.9801989235988159,0.9801989235988159,0.9801989235988159,0.9802342537086332,0.980271945296595,0.980271945296595,0.980271945296595,0.980271945296595,0.980271945296595,0.980271945296595,0.980271945296595,0.980271945296595,0.980271945296595,0.980271945296595,0.980271945296595,0.980271945296595,0.980271945296595,0.980271945296595,0.980271945296595,0.980271945296595,0.980271945296595,0.980271945296595,0.980271945296595,0.980271945296595,0.980271945296595,0.980271945296595,0.980271945296595,0.980271945296595,0.980271945296595,0.980271945296595,0.980271945296595,0.980271945296595,0.980271945296595,0.980271945296595,0.980271945296595,0.980271945296595
9.0,0.0,0.12666436909562073,0.12666436909562073,0.16644900179022853,0.16644900179022853,0.26725664220143586,0.26725664220143586,0.2977672591576976,0.3309878119320154,0.36514965649413184,0.3995927964275792,0.43376655593891156,0.46699170150319047,0.5005175353673467,0.5330396124664755,0.5749022251499899,0.6104077085771091,0.9036920604771835,0.9054816678368548,0.9081592792569846,0.9081592792569846,0.9081592792569846,0.9081592792569846,0.9081592792569846,0.9081592792569846,0.9081592792569846,0.9081592792569846,0.9081592792569846,0.9081592792569846,0.9081592792569846,0.9081592792569846,0.9081592792569846,0.9081592792569846,0.9081592792569846,0.9081592792569846,0.9081592792569846,0.9081592792569846,0.9081592792569846,0.9081592792569846,0.9081592792569846,0.9081592792569846,0.9081592792569846,0.9081592792569846,0.9081592792569846,0.9081592792569846,0.9081592792569846,0.9081592792569846,0.9081592792569846,0.9081592792569846,0.9081592792569846,0.9081592792569846,0.9081592792569846,0.9081592792569846,0.9081592792569846,0.9081592792569846,0.9081592792569846,0.9081592792569846,0.9081592792569846,0.9081592792569846,0.9081592792569846,0.9081592792569846
10.0,0.0,0.8349466365765172,0.834981372473629,0.834981372473629,0.8363606884777038,0.8382639668053306,0.8396445235020731,0.8423577346823404,0.8452575114165548,0.8496090757764582,0.8542218846001993,0.8592004555232763,0.9226514911102834,0.9293988320703208,0.9384874767543401,0.9493670992156494,0.9595032049907646,0.9695415184910393,0.976835413105377,0.9807863229226841,0.9814603625639222,0.9828133951856559,0.9828133951856559,0.9828133951856559,0.9828133951856559,0.9828133951856559,0.9828133951856559,0.9828133951856559,0.9828133951856559,0.9828262748941999,0.98288505565726,0.9829647832295583,0.9829678891904496,0.9829678891904496,0.9829678891904496,0.9829678891904496,0.9829678891904496,0.9829678891904496,0.9829678891904496,0.9829678891904496,0.9829678891904496,0.9829678891904496,0.9829678891904496,0.9829678891904496,0.9829764710737555,0.9830127275704187,0.9830127275704187,0.9830127275704187,0.9830127275704187,0.9830127275704187,0.9830127275704187,0.9830127275704187,0.9830127275704187,0.9830127275704187,0.9830127275704187,0.9830127275704187,0.9830127275704187,0.9830127275704187,0.9830127275704187,0.9830127275704187,0.9830127275704187
11.0,0.0,0.6110832587023269,0.6110832587023269,0.6110832587023269,0.6110832587023269,0.6110832587023269,0.6130392104015325,0.7030656158167358,0.7182322277917644,0.7615974215186633,0.8253899582356167,0.8527093193916587,0.8536125960392656,0.8614054278499498,0.8630247453949106,0.8631302574302783,0.8631683676703872,0.8632176868020842,0.8632176868020842,0.8634276756516889,0.8634276756516889,0.8634276756516889,0.8637889994545057,0.8637889994545057,0.8637889994545057,0.8637889994545057,0.8637889994545057,0.8637889994545057,0.8637889994545057,0.8637889994545057,0.8637889994545057,0.8637889994545057,0.8637889994545057,0.8637889994545057,0.8637889994545057,0.8637889994545057,0.8637889994545057,0.8637889994545057,0.8637889994545057,0.8637889994545057,0.8637889994545057,0.8637889994545057,0.8637889994545057,0.8637889994545057,0.8637889994545057,0.8637889994545057,0.8637889994545057,0.8637889994545057,0.8637889994545057,0.8637889994545057,0.8637889994545057,0.8637889994545057,0.8637889994545057,0.8637889994545057,0.8637889994545057,0.8637889994545057,0.8637889994545057,0.8637889994545057,0.8637889994545057,0.8637889994545057,0.8637889994545057
12.0,0.0,0.0,0.23839879172284018,0.26131295941470506,0.2816131108598382,0.2816131108598382,0.3763726547107315,0.3763726547107315,0.4605774637144652,0.5394796852034796,0.6032712553028909,0.654610838395577,0.6933921795806687,0.7299120453512516,0.733578971028985,0.7349906507713861,0.7349906507713861,0.7349906507713861,0.7349906507713861,0.7349906507713861,0.7349906507713861,0.7349906507713861,0.7349906507713861,0.7349906507713861,0.7349906507713861,0.7349906507713861,0.7349906507713861,0.7349906507713861,0.7349906507713861,0.7349906507713861,0.7349906507713861,0.7349906507713861,0.7349906507713861,0.7349906507713861,0.7349906507713861,0.7349906507713861,0.7349906507713861,0.7349906507713861,0.7349906507713861,0.7349906507713861,0.7349906507713861,0.7349906507713861,0.7349906507713861,0.7349906507713861,0.7349906507713861,0.7349906507713861,0.7349906507713861,0.7349906507713861,0.7349906507713861,0.7349906507713861,0.7349906507713861,0.7349906507713861,0.7349906507713861,0.7349906507713861,0.7349906507713861,0.7349906507713861,0.7349906507713861,0.7349906507713861,0.7349906507713861,0.7349906507713861,0.7349906507713861
13.0,0.0,0.7790932945643946,0.7790932945643946,0.7790932945643946,0.7831155791952431,0.7831155791952431,0.7831155791952431,0.8354550004158293,0.8840749070235164,0.8940513725811232,0.89617423637328,0.9003315151387699,0.9016934145683113,0.9022786161384679,0.9032284264194486,0.9032655589201153,0.9032655589201153,0.9032655589201153,0.9059566269671692,0.9059566269671692,0.9059566269671692,0.9059566269671692,0.9059566269671692,0.9059566269671692,0.9059566269671692,0.9059566269671692,0.9059566269671692,0.9059566269671692,0.9059566269671692,0.9059566269671692,0.9059566269671692,0.9059566269671692,0.9059566269671692,0.9059566269671692,0.9059566269671692,0.9059566269671692,0.9059566269671692,0.9059566269671692,0.9059566269671692,0.9059566269671692,0.9059566269671692,0.9059566269671692,0.9059566269671692,0.9059566269671692,0.9059566269671692,0.9059566269671692,0.9059566269671692,0.9059566269671692,0.9059566269671692,0.9059566269671692,0.9059566269671692,0.9059566269671692,0.9059566269671692,0.9059566269671692,0.9059566269671692,0.9059566269671692,0.9059566269671692,0.9059566269671692,0.9059566269671692,0.9059566269671692,0.9059566269671692
14.0,0.0,0.0,0.01520602997837357,0.021810732637299542,0.0238865644757835,0.03983549473122176,0.03983549473122176,0.33708321646863887,0.33708321646863887,0.33708321646863887,0.33708321646863887,0.33708321646863887,0.33708321646863887,0.33708321646863887,0.33708321646863887,0.33708321646863887,0.3373188174778494,0.38919596697648656,0.38919596697648656,0.432262356420428,0.45709529920355196,0.4818315759419351,0.5243797990028594,0.548675432030058,0.5856069544277392,0.6209398547461431,0.6528982478714362,0.6803190727225947,0.7084050644789467,0.7430533090493265,0.7732653794843567,0.7816454356490699,0.7846829433860978,0.7846829433860978,0.7846829433860978,0.7846829433860978,0.7846829433860978,0.7846829433860978,0.7846829433860978,0.8173584828937778,0.9096730667023241,0.9096730667023241,0.9096730667023241,0.9096730667023241,0.9096730667023241,0.9096730667023241,0.9096730667023241,0.9096730667023241,0.9096730667023241,0.9096730667023241,0.9096730667023241,0.9096730667023241,0.9096730667023241,0.9096730667023241,0.9096730667023241,0.9096730667023241,0.9096730667023241,0.9096730667023241,0.9096730667023241,0.9096730667023241,0.9096730667023241
15.0,0.0,0.811472352496834,0.8116187438387471,0.8122473375566723,0.8131983078888787,0.8218358283152785,0.8271223770603325,0.8361493592389095,0.8410323017999002,0.8440017747153766,0.8449047703443091,0.8480291025272235,0.848313652458983,0.848313652458983,0.848313652458983,0.9325589140213835,0.9325589140213835,0.9325589140213835,0.942155042333707,0.9490501679839237,0.956587528571058,0.965878352949643,0.9675598085218678,0.968031299069368,0.969818226016954,0.9705786559667425,0.9706789764524342,0.9709753094118716,0.9712059127672936,0.9713780373723628,0.9713780373723628,0.9713780373723628,0.9713780373723628,0.9713780373723628,0.9713780373723628,0.9713780373723628,0.9713780373723628,0.9713780373723628,0.9713780373723628,0.9713780373723628,0.9713780373723628,0.9713780373723628,0.9713780373723628,0.9713780373723628,0.9713780373723628,0.9713780373723628,0.9713780373723628,0.9713780373723628,0.9713780373723628,0.9713780373723628,0.9713780373723628,0.9713780373723628,0.9713780373723628,0.9713780373723628,0.9713780373723628,0.9713780373723628,0.9713780373723628,0.9713780373723628,0.9713780373723628,0.9713780373723628,0.9713780373723628
16.0,0.0,0.4921492040712766,0.4921492040712766,0.518848699757042,0.5635837462136171,0.6210224890096429,0.6780575396133864,0.7216733962119162,0.7618469801321349,0.7618469801321349,0.7618469801321349,0.7618469801321349,0.7618469801321349,0.7618469801321349,0.7618469801321349,0.7618469801321349,0.7618469801321349,0.7618469801321349,0.7618469801321349,0.7618469801321349,0.7618469801321349,0.7618469801321349,0.7618469801321349,0.7618469801321349,0.7618469801321349,0.7618469801321349,0.7618469801321349,0.7618469801321349,0.7618469801321349,0.7618469801321349,0.7618469801321349,0.7618469801321349,0.7618469801321349,0.7618469801321349,0.7618469801321349,0.7618469801321349,0.7618469801321349,0.7618469801321349,0.7618469801321349,0.7618469801321349,0.7618469801321349,0.7618469801321349,0.7618469801321349,0.7618469801321349,0.7618469801321349,0.7618469801321349,0.7618469801321349,0.7618469801321349,0.7618469801321349,0.7618469801321349,0.7618469801321349,0.7618469801321349,0.7618469801321349,0.7618469801321349,0.7618469801321349,0.7618469801321349,0.7618469801321349,0.7618469801321349,0.7618469801321349,0.7618469801321349,0.7618469801321349
17.0,0.0,0.3976155912228021,0.3976155912228021,0.39805365514239816,0.4104072970154364,0.4263096840071483,0.4375407902212461,0.4375407902212461,0.45881617256528934,0.4776141713254442,0.49384047736184333,0.5105654004447369,0.5737339996824546,0.5737339996824546,0.5737339996824546,0.5737339996824546,0.8373835213301579,0.8373835213301579,0.8373835213301579,0.8378879187262429,0.8509756505048702,0.8509756505048702,0.8509756505048702,0.8904892463148439,0.9028956316661382,0.9165062515608478,0.9245746383999687,0.9245746383999687,0.9251320367044429,0.9264186848656578,0.9281646840318596,0.9296336701740069,0.9303695020949388,0.9309115649002037,0.9311926479233161,0.9313746883721696,0.9314919531867824,0.9315723586882263,0.931619869568265,0.9316219846170971,0.9316219846170971,0.9316219846170971,0.9316219846170971,0.9316219846170971,0.9316219846170971,0.9316219846170971,0.9316219846170971,0.9316219846170971,0.9316219846170971,0.9316219846170971,0.9316219846170971,0.9316219846170971,0.9316219846170971,0.9316219846170971,0.9316219846170971,0.9316219846170971,0.9316219846170971,0.9316219846170971,0.9316219846170971,0.9316219846170971,0.9316219846170971
18.0,0.0,0.0,0.0,0.0,0.0,0.0014960494762737797,0.11379579832430059,0.11379579832430059,0.11379579832430059,0.11379579832430059,0.11379579832430059,0.11379579832430059,0.11379579832430059,0.28412436928811774,0.2845462641523211,0.2845462641523211,0.2845462641523211,0.30616139408968157,0.3387537518198995,0.35919760558445746,0.3693877265937397,0.37240388323877754,0.3724742685006812,0.3724742685006812,0.3724742685006812,0.3724742685006812,0.3724742685006812,0.3724742685006812,0.3724742685006812,0.3724830788192753,0.3724830788192753,0.3725992133654924,0.3725992133654924,0.3725992133654924,0.3725992133654924,0.8831110016968435,0.8831110016968435,0.8831110016968435,0.8831110016968435,0.8831110016968435,0.8831110016968435,0.8831110016968435,0.8831110016968435,0.8831110016968435,0.8831110016968435,0.8831110016968435,0.8831110016968435,0.8831110016968435,0.8831110016968435,0.8831110016968435,0.8831110016968435,0.8831110016968435,0.8831110016968435,0.8831110016968435,0.8831110016968435,0.8831110016968435,0.8831110016968435,0.8831110016968435,0.8831110016968435,0.8831110016968435,0.8831110016968435
19.0,0.0,0.0,0.573157712336088,0.5892670002286966,0.6009336372660264,0.608194069680669,0.6157292380237036,0.6266547981910139,0.6266547981910139,0.6354080674369946,0.64945122689042,0.6627994246395726,0.6740356339527588,0.6835974953488644,0.7407701901376694,0.7407701901376694,0.7407701901376694,0.7407701901376694,0.7407701901376694,0.7407701901376694,0.7407701901376694,0.7407701901376694,0.7407701901376694,0.7407701901376694,0.7407701901376694,0.7407701901376694,0.7407701901376694,0.7407701901376694,0.7407701901376694,0.7407701901376694,0.7407701901376694,0.7407701901376694,0.7407701901376694,0.7407701901376694,0.7407701901376694,0.7407701901376694,0.7407701901376694,0.7407701901376694,0.7407701901376694,0.7407701901376694,0.7407701901376694,0.7407701901376694,0.7407701901376694,0.7407701901376694,0.7681880470661397,0.7681880470661397,0.7681880470661397,0.7681880470661397,0.7681880470661397,0.7681880470661397,0.7681880470661397,0.7681880470661397,0.7681880470661397,0.7681880470661397,0.7681880470661397,0.7681880470661397,0.7681880470661397,0.7681880470661397,0.7681880470661397,0.7681880470661397,0.7681880470661397
20.0,0.0,0.9472692161652619,0.9473334566504489,0.9473454643459625,0.947402982066072,0.947402982066072,0.9474226153390257,0.9474891172781357,0.9476138234735697,0.9503458505370705,0.9567588023107179,0.9624978954770326,0.9691105436374464,0.9744727194530292,0.9782891439225812,0.9812399409145226,0.9813007367600249,0.9814531607369269,0.9814782929663898,0.9814859936544913,0.9814908647575887,0.9814944084473409,0.9814969519758523,0.9814969519758523,0.9814969519758523,0.9814969519758523,0.9814969519758523,0.9814969519758523,0.9814969519758523,0.9814969519758523,0.9814969519758523,0.9814969519758523,0.9814969519758523,0.9814969519758523,0.9814969519758523,0.9814969519758523,0.9818185452885945,0.9818185452885945,0.9818185452885945,0.9818185452885945,0.9818185452885945,0.9818185452885945,0.9818185452885945,0.9818185452885945,0.9818185452885945,0.9818185452885945,0.9818185452885945,0.9818185452885945,0.9818185452885945,0.9818185452885945,0.9818185452885945,0.9818185452885945,0.9818185452885945,0.9818185452885945,0.9818185452885945,0.9818185452885945,0.9818185452885945,0.9818185452885945,0.9818185452885945,0.9818185452885945,0.9818185452885945
21.0,0.0,0.7335042556759626,0.7335042556759626,0.7335042556759626,0.7341624613753175,0.9277032168256731,0.9277032168256731,0.9277032168256731,0.9306046827343653,0.9313757774721255,0.9439704273092839,0.9517876136029512,0.9602452350794622,0.9679471575065507,0.9710483859526511,0.9710483859526511,0.9710483859526511,0.9710483859526511,0.9710483859526511,0.9710483859526511,0.9710483859526511,0.9710483859526511,0.9710483859526511,0.9710483859526511,0.9710483859526511,0.9710483859526511,0.9710483859526511,0.9710483859526511,0.9710483859526511,0.9710483859526511,0.9710483859526511,0.9710483859526511,0.9710483859526511,0.9710483859526511,0.9710483859526511,0.9710483859526511,0.9710483859526511,0.9710483859526511,0.9710483859526511,0.9710483859526511,0.9710483859526511,0.9710483859526511,0.9710483859526511,0.9710483859526511,0.9710483859526511,0.9710483859526511,0.9710483859526511,0.9710483859526511,0.9710483859526511,0.9710483859526511,0.9710483859526511,0.9710483859526511,0.9710483859526511,0.9710483859526511,0.9710483859526511,0.9710483859526511,0.9710483859526511,0.9710483859526511,0.9710483859526511,0.9710483859526511,0.9710483859526511
22.0,0.0,0.0,0.5590686758669563,0.5590686758669563,0.5590686758669563,0.6694544839775503,0.6694544839775503,0.7432317932324367,0.7578197400997517,0.7578197400997517,0.7578197400997517,0.7578197400997517,0.7578197400997517,0.7578197400997517,0.7578197400997517,0.7578197400997517,0.7578197400997517,0.7578197400997517,0.7578197400997517,0.7578197400997517,0.7578197400997517,0.7578197400997517,0.7578197400997517,0.7578197400997517,0.7578197400997517,0.7578197400997517,0.7578197400997517,0.7578197400997517,0.7578197400997517,0.7578197400997517,0.7578197400997517,0.7578197400997517,0.7578197400997517,0.7578197400997517,0.7578197400997517,0.7578197400997517,0.7578197400997517,0.7578197400997517,0.7578197400997517,0.7578197400997517,0.7578197400997517,0.7578197400997517,0.7578197400997517,0.7578197400997517,0.7578197400997517,0.7578197400997517,0.7578197400997517,0.7578197400997517,0.7578197400997517,0.7578197400997517,0.7578197400997517,0.7578197400997517,0.7578197400997517,0.7578197400997517,0.7578197400997517,0.7578197400997517,0.7578197400997517,0.7578197400997517,0.7578197400997517,0.7578197400997517,0.7578197400997517
23.0,0.0,0.0,0.3561929386222936,0.3702405932338869,0.39124109124344975,0.45794022539627655,0.5319600661783972,0.5979326817672423,0.6542087757859226,0.6990483589523123,0.7353308594330342,0.7632651917514233,0.7773468875610006,0.7773468875610006,0.7773468875610006,0.7773468875610006,0.7773468875610006,0.7773468875610006,0.7773468875610006,0.7773468875610006,0.7773468875610006,0.7773468875610006,0.7773468875610006,0.7773468875610006,0.7773468875610006,0.7773468875610006,0.7773468875610006,0.7773468875610006,0.7773468875610006,0.7773468875610006,0.7773468875610006,0.7773468875610006,0.7773468875610006,0.7773468875610006,0.7773468875610006,0.7773468875610006,0.7773468875610006,0.7773468875610006,0.7843752819147537,0.7843752819147537,0.7843752819147537,0.7843752819147537,0.7843752819147537,0.7843752819147537,0.7843752819147537,0.7843752819147537,0.7843752819147537,0.7843752819147537,0.7843752819147537,0.7843752819147537,0.7843752819147537,0.7843752819147537,0.7843752819147537,0.7843752819147537,0.7843752819147537,0.7843752819147537,0.7843752819147537,0.7843752819147537,0.7843752819147537,0.7843752819147537,0.7843752819147537
24.0,0.0,0.0,0.6934714032856564,0.7156122838285286,0.7901794519657649,0.8010465315796884,0.8010465315796884,0.8010465315796884,0.8010465315796884,0.8039770926829954,0.8148346736914985,0.8215187669491519,0.8241516777826804,0.825283805252644,0.825283805252644,0.829404535897035,0.9664874746525389,0.9664874746525389,0.9664874746525389,0.9664874746525389,0.9664874746525389,0.9664874746525389,0.9664874746525389,0.9664874746525389,0.9664874746525389,0.9664874746525389,0.9664874746525389,0.9664874746525389,0.9664874746525389,0.9664874746525389,0.9664874746525389,0.9664874746525389,0.9664874746525389,0.9664874746525389,0.9664874746525389,0.9664874746525389,0.9664874746525389,0.9664874746525389,0.9664874746525389,0.9664874746525389,0.9664874746525389,0.9664874746525389,0.9664874746525389,0.9664874746525389,0.9664874746525389,0.9664874746525389,0.9664874746525389,0.9664874746525389,0.9664874746525389,0.9664874746525389,0.9664874746525389,0.9664874746525389,0.9664874746525389,0.9664874746525389,0.9664874746525389,0.9664874746525389,0.9664874746525389,0.9665213168106902,0.9667133333738431,0.9668517315723377,0.9669822195474085
25.0,0.0,0.9541231727674586,0.9545597753581906,0.9545597753581906,0.9545597753581906,0.9545597753581906,0.9545597753581906,0.9545597753581906,0.9545597753581906,0.9545597753581906,0.9545597753581906,0.9545597753581906,0.9545597753581906,0.9545597753581906,0.9545597753581906,0.9545597753581906,0.9545597753581906,0.9545597753581906,0.9545597753581906,0.9545597753581906,0.9545597753581906,0.9545597753581906,0.9545597753581906,0.9545597753581906,0.9545597753581906,0.9545597753581906,0.9545597753581906,0.9545597753581906,0.9545597753581906,0.9545597753581906,0.9545597753581906,0.9545597753581906,0.9545597753581906,0.9545597753581906,0.9545597753581906,0.9545597753581906,0.9545597753581906,0.9545597753581906,0.9545597753581906,0.9545597753581906,0.9545597753581906,0.9545597753581906,0.9545597753581906,0.9545597753581906,0.9545597753581906,0.9545597753581906,0.9545597753581906,0.9545597753581906,0.9545597753581906,0.9545597753581906,0.9782526010596599,0.9782526010596599,0.9782526010596599,0.9782526010596599,0.9782526010596599,0.9782526010596599,0.9782526010596599,0.9793623921679749,0.9799384773606843,0.9803790473474583,0.9803790473474583
26.0,0.0,0.0,0.7180486857701496,0.7365702840411888,0.7365702840411888,0.7481277219063106,0.7668560980146317,0.781201652100864,0.7975493892675786,0.8143513008883493,0.8356369187415649,0.850099318279363,0.8630399186396425,0.8785210205313637,0.8913718702586072,0.9081595810238501,0.9209415377324945,0.9322706493769777,0.9440380459335889,0.9532874162203956,0.960343983285582,0.9625554656636552,0.9626503007096459,0.9626503007096459,0.9626503007096459,0.9626503007096459,0.9626503007096459,0.9626503007096459,0.9626503007096459,0.9626503007096459,0.9626503007096459,0.9626503007096459,0.9626503007096459,0.9626503007096459,0.9626503007096459,0.9628263447333406,0.9635985074203489,0.9642825339493881,0.9651012084747698,0.9651012084747698,0.9651012084747698,0.9651012084747698,0.9651012084747698,0.9651012084747698,0.9651012084747698,0.9651012084747698,0.9651012084747698,0.9651012084747698,0.9651012084747698,0.9651012084747698,0.9651012084747698,0.9651012084747698,0.9651012084747698,0.9651012084747698,0.9651012084747698,0.9651012084747698,0.9651012084747698,0.9651012084747698,0.9651012084747698,0.9651012084747698,0.9651012084747698
27.0,0.0,0.8475393631427166,0.8488480312115981,0.8591133370675783,0.8627930217792555,0.8678134840045226,0.8894215920681161,0.9049414032554246,0.9202900539043654,0.9304518327122773,0.9381159054462493,0.9381159054462493,0.9381159054462493,0.9381159054462493,0.9381159054462493,0.9445085305355603,0.9445085305355603,0.9445085305355603,0.9445085305355603,0.9479699662048018,0.9479699662048018,0.9479699662048018,0.9479699662048018,0.9479699662048018,0.9479699662048018,0.9479699662048018,0.9479699662048018,0.9479699662048018,0.9479699662048018,0.9479699662048018,0.9479699662048018,0.9479699662048018,0.9479699662048018,0.9479699662048018,0.9479699662048018,0.9479699662048018,0.9479699662048018,0.9479699662048018,0.9479699662048018,0.9479699662048018,0.9479699662048018,0.9479699662048018,0.9479699662048018,0.9479699662048018,0.9479699662048018,0.9479699662048018,0.9479699662048018,0.9479699662048018,0.9479699662048018,0.9479699662048018,0.9479699662048018,0.9479699662048018,0.9479699662048018,0.9479699662048018,0.9479699662048018,0.9479699662048018,0.9479699662048018,0.9479699662048018,0.9479699662048018,0.9479699662048018,0.9479699662048018
28.0,0.0,0.7195837581552681,0.719650177244688,0.719650177244688,0.7211698559912775,0.725210417702804,0.7314873816238775,0.7314873816238775,0.7314873816238775,0.7314873816238775,0.7314873816238775,0.7314873816238775,0.7314873816238775,0.7314873816238775,0.7314873816238775,0.7314873816238775,0.7314873816238775,0.7314873816238775,0.7314873816238775,0.7314873816238775,0.7314873816238775,0.7314873816238775,0.7314873816238775,0.7314873816238775,0.7314873816238775,0.7314873816238775,0.7314873816238775,0.7314873816238775,0.7314873816238775,0.7314873816238775,0.7314873816238775,0.7314873816238775,0.7314873816238775,0.7314873816238775,0.7314873816238775,0.7314873816238775,0.7314873816238775,0.7314873816238775,0.7314873816238775,0.7314873816238775,0.7314873816238775,0.7314873816238775,0.7314873816238775,0.7314873816238775,0.7314873816238775,0.7314873816238775,0.7314873816238775,0.7314873816238775,0.7314873816238775,0.7314873816238775,0.7314873816238775,0.7314873816238775,0.7314873816238775,0.7314873816238775,0.7314873816238775,0.7314873816238775,0.7314873816238775,0.7314873816238775,0.7314873816238775,0.7314873816238775,0.7314873816238775
29.0,0.0,0.39480569281758265,0.39480569281758265,0.4007659383394083,0.8581354390220735,0.8581354390220735,0.8581354390220735,0.8581354390220735,0.9036348649818927,0.9282127419082147,0.9333615270610037,0.9364064670615799,0.9364064670615799,0.9364064670615799,0.9364064670615799,0.9364064670615799,0.9364064670615799,0.9364064670615799,0.9364064670615799,0.9364064670615799,0.9364064670615799,0.9364064670615799,0.9364064670615799,0.9369452337114272,0.9371400897469117,0.9371863834294628,0.9371863834294628,0.9371863834294628,0.9371863834294628,0.9371863834294628,0.9371863834294628,0.9371863834294628,0.9371863834294628,0.9371863834294628,0.9371863834294628,0.9371863834294628,0.9371863834294628,0.9371863834294628,0.9371863834294628,0.9371863834294628,0.9371863834294628,0.9371863834294628,0.9371863834294628,0.9371863834294628,0.9371863834294628,0.9371863834294628,0.9371863834294628,0.9371863834294628,0.9371863834294628,0.9371863834294628,0.9371863834294628,0.9371863834294628,0.9371863834294628,0.9371863834294628,0.9371863834294628,0.9371863834294628,0.9371863834294628,0.9371863834294628,0.9371863834294628,0.9371863834294628,0.9371863834294628
30.0,0.0,0.24804165520940524,0.24867293480516275,0.2624151254168861,0.2624151254168861,0.28683304167784285,0.28683304167784285,0.28683304167784285,0.29679339784224573,0.32077835307739,0.34661793906140587,0.35350578281154715,0.645579121190282,0.6736736084528782,0.7085505580011974,0.7556780549244918,0.7919864646825395,0.8321196382702474,0.8681204905224305,0.8991448935323749,0.9189603687536195,0.9189603687536195,0.9189603687536195,0.9189603687536195,0.9228766877718585,0.9228766877718585,0.9228766877718585,0.9228766877718585,0.9228766877718585,0.9228766877718585,0.9228766877718585,0.9228766877718585,0.9228766877718585,0.9228766877718585,0.9228766877718585,0.9228766877718585,0.9228766877718585,0.9228766877718585,0.9228766877718585,0.9228766877718585,0.9228766877718585,0.9228766877718585,0.9228766877718585,0.9228766877718585,0.9228766877718585,0.9228766877718585,0.9228766877718585,0.9228766877718585,0.9228766877718585,0.9228766877718585,0.9228766877718585,0.9228766877718585,0.9228766877718585,0.9228766877718585,0.9228766877718585,0.9228766877718585,0.9228766877718585,0.9228766877718585,0.9228766877718585,0.9228766877718585,0.9228766877718585
31.0,0.0,0.0,0.0,0.0,0.0,0.0,0.0,0.4264134414075829,0.4264134414075829,0.43928946026924925,0.45119082801594307,0.4918710749497696,0.517137013325302,0.5411709954817154,0.558602731946439,0.5747314170610219,0.5796094013829486,0.5854182685493003,0.6594158911632823,0.6913468354709029,0.7146793898477019,0.7488009389455642,0.7862175187556503,0.8072569322122501,0.8112152279946194,0.8112152279946194,0.8112152279946194,0.8112152279946194,0.8112152279946194,0.8112152279946194,0.8112152279946194,0.8112152279946194,0.8112152279946194,0.8112152279946194,0.8112152279946194,0.8112152279946194,0.8112152279946194,0.8112152279946194,0.8112152279946194,0.8112152279946194,0.8112152279946194,0.8112152279946194,0.8112152279946194,0.8112152279946194,0.8112152279946194,0.8112152279946194,0.8112152279946194,0.8112152279946194,0.8112152279946194,0.8112152279946194,0.8112152279946194,0.8112152279946194,0.8112152279946194,0.8112152279946194,0.8112152279946194,0.8112152279946194,0.8112152279946194,0.8112152279946194,0.8112152279946194,0.8112152279946194,0.8112152279946194
32.0,0.0,0.0,0.0,0.0,0.0,0.0,0.0,0.0,0.0,0.0,0.0,0.0,0.0,0.039265933510314405,0.26083153300429535,0.2864615717148064,0.2864615717148064,0.2864615717148064,0.2864615717148064,0.2864615717148064,0.2864615717148064,0.2864615717148064,0.2864615717148064,0.2864615717148064,0.2864615717148064,0.2864615717148064,0.2864615717148064,0.2864615717148064,0.2864615717148064,0.2864615717148064,0.2864615717148064,0.2864615717148064,0.2864615717148064,0.2864615717148064,0.2864615717148064,0.2864615717148064,0.2864615717148064,0.2864615717148064,0.2864615717148064,0.2864615717148064,0.2864615717148064,0.2864615717148064,0.2864615717148064,0.2864615717148064,0.2864615717148064,0.2864615717148064,0.2864615717148064,0.2864615717148064,0.2864615717148064,0.2864615717148064,0.2864615717148064,0.2864615717148064,0.2864615717148064,0.2864615717148064,0.2864615717148064,0.2864615717148064,0.2864615717148064,0.2864615717148064,0.2864615717148064,0.2864615717148064,0.2864615717148064
33.0,0.0,0.0,0.050125875056716875,0.05326354349353087,0.06254195565870087,0.06821551286920272,0.07273429361199157,0.08402973522935325,0.09170114703274147,0.10072975282188765,0.11144322556859113,0.11808028365537852,0.12447878124051898,0.13133656084705847,0.14149621755563088,0.15055232486290926,0.15298736544182495,0.15298736544182495,0.15865171672252973,0.16183737264711887,0.17118121104179626,0.18171474643222332,0.19258685168302894,0.20330091916456636,0.2145626686850021,0.22511888042133682,0.2361307363261568,0.2509643278962528,0.2616108965586933,0.2756054647317349,0.8113910890641843,0.8495356476314417,0.851022302028842,0.8573520242023798,0.8575254984924202,0.8575254984925149,0.8575254984925402,0.8575254984925532,0.8575254984925611,0.8575254984925667,0.8575254984925708,0.8575254984925741,0.8575254984925766,0.8575254984925791,0.8575254984925806,0.857525498492582,0.8575254984925832,0.8575254984925842,0.8575254984925849,0.8575254984925856,0.857525498492586,0.8575254984925866,0.857525498492587,0.8575254984925873,0.8575254984925875,0.8575254984925876,0.857525498492588,0.857525498492588,0.8575254984925884,0.8575254984925884,0.8575254984925885
34.0,0.0,0.0,0.0,0.0,0.0,0.0028424729432150737,0.030512769292107382,0.06727174837286266,0.07625752367970517,0.09266155014370228,0.1188025756976091,0.14415566737387736,0.16727765662123187,0.1948851250734565,0.21788495764528562,0.23176452019392896,0.33243055989116277,0.33243055989116277,0.33243055989116277,0.33243055989116277,0.33243055989116277,0.6567183907328503,0.6636336843935167,0.7459020072277665,0.7956994260399364,0.8394644475219903,0.8680303145874202,0.8810167698022205,0.8810167698022205,0.881854642610858,0.881854642610858,0.881854642610858,0.881854642610858,0.881854642610858,0.881854642610858,0.881854642610858,0.881854642610858,0.881854642610858,0.8839453112660919,0.8845819472658578,0.8880906899566969,0.8904534055625893,0.8904534055625893,0.8904534055625893,0.8904534055625893,0.8904534055625893,0.8904534055625893,0.8904534055625893,0.8904534055625893,0.8904534055625893,0.8904534055625893,0.8904534055625893,0.8904534055625893,0.8904534055625893,0.8904534055625893,0.8904534055625893,0.8904534055625893,0.8904534055625893,0.8904534055625893,0.8904534055625893,0.8904534055625893
35.0,0.0,0.8444875687403428,0.8445631445474129,0.8445631445474129,0.8453969026912728,0.8466657036543976,0.8484129894108471,0.8499623449922956,0.8525707478058538,0.85537212831319,0.8595247553374169,0.865135293026037,0.8675875677774982,0.9272109892488725,0.9336386384498049,0.9419653086056314,0.9523036280495789,0.9614091305922603,0.9703272406748213,0.9772680944244737,0.9822672648644734,0.9829370161256975,0.9838412610818761,0.9838412610818761,0.9838412610818761,0.9838412610818761,0.9838412610818761,0.9838412610818761,0.9838412610818761,0.9838412610818761,0.9838412610818761,0.9838412610818761,0.9838412610818761,0.9838412610818761,0.9838412610818761,0.9838412610818761,0.9838412610818761,0.9838412610818761,0.9838412610818761,0.9838412610818761,0.9838412610818761,0.9838412610818761,0.9838412610818761,0.9838412610818761,0.9838412610818761,0.9838412610818761,0.9838412610818761,0.9838412610818761,0.9838412610818761,0.9838412610818761,0.9838412610818761,0.9838412610818761,0.9838412610818761,0.9838412610818761,0.9838412610818761,0.9838412610818761,0.9838412610818761,0.9838412610818761,0.9838412610818761,0.9838412610818761,0.9838412610818761
36.0,0.0,0.0,0.0,0.0,0.0,0.0,0.0,0.0,0.0,0.0,0.0,0.0,0.0,0.0,0.0,0.0,0.0,0.0,0.0,0.0,0.0,0.0,0.0,0.0,0.0,0.0,0.0,0.0,0.0,0.0,0.0,0.0,0.0,0.0,0.0,0.0,0.0,0.0,0.0,0.0,0.0,0.0,0.0,0.0,0.0,0.0,0.0,0.0,0.0,0.0,0.0,0.0,0.0,0.0,0.0,0.0,0.0,0.0,0.0,0.0,0.0
37.0,0.0,0.5035948895602681,0.5035948895602681,0.5296138477726967,0.5296138477726967,0.5984658958662139,0.6572455740838861,0.7046503174578905,0.739618711565046,0.7751596421163105,0.7751596421163105,0.7751596421163105,0.7751596421163105,0.7751596421163105,0.813809179547147,0.813809179547147,0.8141011845334443,0.8160498240016933,0.8160498240016933,0.8160498240016933,0.8160498240016933,0.8160498240016933,0.8160498240016933,0.8160498240016933,0.8160498240016933,0.8160498240016933,0.8160498240016933,0.8257426315815566,0.8257426315815566,0.8257426315815566,0.8257426315815566,0.8257426315815566,0.8257426315815566,0.8257426315815566,0.8257426315815566,0.8257426315815566,0.8257426315815566,0.8257426315815566,0.8282426876870626,0.8282426876870626,0.8282426876870626,0.8282426876870626,0.8282426876870626,0.8282426876870626,0.8282426876870626,0.8282426876870626,0.8282426876870626,0.8282426876870626,0.8282426876870626,0.8282426876870626,0.8282426876870626,0.8282426876870626,0.8282426876870626,0.8282426876870626,0.8282426876870626,0.8282426876870626,0.8282426876870626,0.8282426876870626,0.8282426876870626,0.8282426876870626,0.8282426876870626
38.0,0.0,0.0,0.0,0.2343353052081333,0.274479213965338,0.274479213965338,0.28438241107400036,0.3527387137519156,0.37489525734386436,0.37489525734386436,0.8761792604841403,0.8761792604841403,0.8761792604841403,0.8761792604841403,0.8761792604841403,0.8761792604841403,0.8761792604841403,0.8761792604841403,0.8761792604841403,0.8761792604841403,0.8761792604841403,0.8761792604841403,0.8761792604841403,0.8761792604841403,0.8787245439338681,0.8787245439338681,0.8787245439338681,0.8787245439338681,0.8787245439338681,0.8787245439338681,0.8787245439338681,0.8787245439338681,0.8787245439338681,0.8787245439338681,0.8787245439338681,0.8787245439338681,0.8787245439338681,0.8787245439338681,0.8787245439338681,0.8787245439338681,0.8787245439338681,0.8787245439338681,0.8787245439338681,0.8787245439338681,0.8787245439338681,0.8787245439338681,0.8787245439338681,0.8787245439338681,0.8787245439338681,0.8787245439338681,0.8787245439338681,0.8787245439338681,0.8787245439338681,0.8787245439338681,0.8787245439338681,0.8787245439338681,0.8787245439338681,0.8787245439338681,0.8787245439338681,0.8787245439338681,0.8787245439338681
39.0,0.0,0.4272470881764676,0.4272470881764676,0.5873718837881503,0.5873718837881503,0.5873718837881503,0.5923386162191212,0.5989161923271655,0.6064986311713095,0.614191438548531,0.6216511922489945,0.6316684356280964,0.6412265271846225,0.6496427441113024,0.6569478103631496,0.6633106441012284,0.7075358236213233,0.7075358236213233,0.7075358236213233,0.7075358236213233,0.7075358236213233,0.7075358236213233,0.7075358236213233,0.7075358236213233,0.7075358236213233,0.7075358236213233,0.7075358236213233,0.9519302324819815,0.9519302324819815,0.9519302324819815,0.9519302324819815,0.9519302324819815,0.9519302324819815,0.9519302324819815,0.9519302324819815,0.9519302324819815,0.9519302324819815,0.9519302324819815,0.9519302324819815,0.9519302324819815,0.9519302324819815,0.9519302324819815,0.9519302324819815,0.9519302324819815,0.9519302324819815,0.9519302324819815,0.9519302324819815,0.9519302324819815,0.9519302324819815,0.9519302324819815,0.9519302324819815,0.9519302324819815,0.9519302324819815,0.9519302324819815,0.9519302324819815,0.9519302324819815,0.9519302324819815,0.9519302324819815,0.9519302324819815,0.9519302324819815,0.9519302324819815
40.0,0.0,0.7978080144212079,0.7978080144212079,0.7978080144212079,0.9223883341653315,0.9259820181074774,0.9263653764390312,0.9320434782569611,0.9351280662428073,0.940797633177922,0.9464498899052185,0.9516015563578636,0.9561883533589963,0.9600268044544358,0.9635122157744718,0.9662066336512719,0.9685649384677131,0.9703752204925052,0.9709569376399686,0.9717163113855726,0.9717163113855726,0.9717163113855726,0.9717163113855726,0.9717163113855726,0.9720930709624991,0.9720930709624991,0.9720930709624991,0.9720930709624991,0.9720930709624991,0.9720930709624991,0.9720930709624991,0.9720930709624991,0.9722257868977684,0.9727054359126974,0.9732871007610716,0.9738406271076065,0.9738406271076065,0.9738406271076065,0.9738406271076065,0.9738406271076065,0.9738406271076065,0.9738406271076065,0.9738406271076065,0.9738406271076065,0.9738406271076065,0.9738406271076065,0.9738406271076065,0.9738406271076065,0.9738406271076065,0.9738406271076065,0.9738406271076065,0.9738406271076065,0.9738406271076065,0.9738406271076065,0.9738406271076065,0.9738406271076065,0.9738406271076065,0.9738406271076065,0.9738406271076065,0.9738406271076065,0.9738406271076065
41.0,0.0,0.5666144758370224,0.5666144758370224,0.5666144758370224,0.5931344276304349,0.6380648154996218,0.6380648154996218,0.6714577665057553,0.716416951686319,0.7555396024670872,0.7884509236388578,0.8140033823672556,0.8344281860359575,0.8501807690832396,0.8513940300605612,0.8513940300605612,0.8513940300605612,0.8513940300605612,0.8513940300605612,0.8513940300605612,0.8513940300605612,0.8513940300605612,0.8513940300605612,0.8513940300605612,0.8513940300605612,0.8513940300605612,0.8513940300605612,0.8513940300605612,0.8513940300605612,0.8513940300605612,0.8513940300605612,0.8513940300605612,0.8513940300605612,0.8513940300605612,0.8513940300605612,0.8513940300605612,0.8513940300605612,0.8513940300605612,0.8531880478334154,0.8531880478334154,0.8531880478334154,0.8531880478334154,0.8531880478334154,0.8531880478334154,0.8531880478334154,0.8531880478334154,0.8531880478334154,0.8531880478334154,0.8531880478334154,0.8531880478334154,0.8531880478334154,0.8531880478334154,0.8531880478334154,0.8531880478334154,0.8531880478334154,0.8531880478334154,0.8531880478334154,0.8531880478334154,0.8531880478334154,0.8531880478334154,0.8531880478334154
42.0,0.0,0.9143307130055908,0.9193129822179227,0.9218465219771382,0.9218465219771382,0.9218465219771382,0.9218465219771382,0.9218465219771382,0.9218465219771382,0.9663613586035915,0.9670056450144524,0.9670056450144524,0.9670056450144524,0.9670056450144524,0.9670056450144524,0.9670056450144524,0.9670056450144524,0.9670056450144524,0.9670056450144524,0.9670056450144524,0.9670056450144524,0.9670056450144524,0.9670056450144524,0.9670056450144524,0.9670056450144524,0.9670056450144524,0.9670056450144524,0.9670056450144524,0.9670056450144524,0.9670056450144524,0.9670056450144524,0.9670056450144524,0.9670056450144524,0.9670056450144524,0.9670056450144524,0.9670056450144524,0.9670056450144524,0.9670056450144524,0.9670056450144524,0.9670056450144524,0.9670056450144524,0.9670056450144524,0.9670056450144524,0.9670056450144524,0.9670056450144524,0.9670056450144524,0.9670056450144524,0.9670056450144524,0.9670056450144524,0.9670056450144524,0.9670056450144524,0.9670056450144524,0.9670056450144524,0.9670056450144524,0.9670056450144524,0.9670056450144524,0.9670056450144524,0.9670056450144524,0.9670056450144524,0.9670056450144524,0.9670056450144524
43.0,0.0,0.0,0.0,0.0,0.0,0.4283926480336964,0.44122059632040045,0.4514873074280081,0.49875572300746807,0.555811668680909,0.6050328887266886,0.6821976239421524,0.7508569029845737,0.7846886410183136,0.7858877669694451,0.7993786402798394,0.7993786402798394,0.7993786402798394,0.799708122111608,0.799708122111608,0.799708122111608,0.799708122111608,0.799708122111608,0.799708122111608,0.799708122111608,0.7997091926345335,0.7997466171095372,0.7997749765614323,0.7997972686573376,0.7998150737575614,0.7998294956299329,0.7998414067183719,0.7998514895944527,0.799860234276042,0.799860234276042,0.799860234276042,0.799860234276042,0.8013772597353075,0.8013772597353075,0.8013772597353075,0.8013772597353075,0.8013772597353075,0.8013772597353075,0.8013772597353075,0.8013772597353075,0.8013772597353075,0.8013772597353075,0.8013772597353075,0.8013772597353075,0.8013772597353075,0.8013772597353075,0.8013772597353075,0.8013772597353075,0.8013772597353075,0.8013772597353075,0.8013772597353075,0.8013772597353075,0.8013772597353075,0.8013772597353075,0.8013772597353075,0.8013772597353075
44.0,0.0,0.1986043192866062,0.24560236172207173,0.31241365009207184,0.410329421151014,0.5083035070820864,0.5083035070820864,0.5083035070820864,0.6480076998045122,0.6480076998045122,0.6480076998045122,0.6480076998045122,0.6480076998045122,0.6480076998045122,0.6480076998045122,0.6480076998045122,0.6480076998045122,0.6480076998045122,0.6480076998045122,0.6480076998045122,0.6480076998045122,0.6480076998045122,0.6480076998045122,0.6480076998045122,0.6480076998045122,0.6480076998045122,0.6480076998045122,0.6480076998045122,0.6480076998045122,0.6480076998045122,0.6480076998045122,0.6480076998045122,0.6480076998045122,0.6480076998045122,0.6480076998045122,0.6480076998045122,0.6480076998045122,0.6480076998045122,0.6480076998045122,0.6480076998045122,0.6480076998045122,0.6480076998045122,0.6480076998045122,0.6480076998045122,0.6480076998045122,0.6480076998045122,0.6480076998045122,0.6480076998045122,0.6480076998045122,0.6480076998045122,0.6480076998045122,0.6480076998045122,0.6480076998045122,0.6480076998045122,0.6480076998045122,0.6480076998045122,0.6480076998045122,0.6480076998045122,0.6480076998045122,0.6480076998045122,0.6480076998045122
45.0,0.0,0.5349362372712132,0.5508159686525743,0.5674097871777325,0.6175098278297484,0.6175098278297484,0.6175098278297484,0.6175098278297484,0.771627159999478,0.8174824894347134,0.8273872007647393,0.8332035407494645,0.8340827974979096,0.8340827974979096,0.8351423966842052,0.8351423966842052,0.8351423966842052,0.8351423966842052,0.8351423966842052,0.8351423966842052,0.8351423966842052,0.8351423966842052,0.8351423966842052,0.8351423966842052,0.8351423966842052,0.8351423966842052,0.8351423966842052,0.8351423966842052,0.837246021325876,0.8422872438478108,0.8462397618044382,0.8462397618044382,0.8462397618044382,0.8462397618044382,0.8462397618044382,0.8462397618044382,0.8462397618044382,0.8462397618044382,0.8462397618044382,0.8462397618044382,0.8462397618044382,0.8462397618044382,0.8462397618044382,0.8462397618044382,0.8462397618044382,0.8462397618044382,0.8462397618044382,0.8462397618044382,0.8462397618044382,0.8462397618044382,0.8462397618044382,0.8462397618044382,0.8462397618044382,0.8462397618044382,0.8462397618044382,0.8462397618044382,0.8462397618044382,0.8462397618044382,0.8462397618044382,0.8462397618044382,0.8462397618044382
46.0,0.0,0.0,0.0,0.0,0.0,0.0,0.0,0.3112287560039446,0.3112287560039446,0.3112287560039446,0.3112287560039446,0.3112287560039446,0.33334548122521407,0.4168402084098117,0.4977833664427862,0.569426773470004,0.6422532369286705,0.6966288771298248,0.7366433118548338,0.7366433118548338,0.7366433118548338,0.7366433118548338,0.7366433118548338,0.7366433118548338,0.7366433118548338,0.7366433118548338,0.7366433118548338,0.7366433118548338,0.7366433118548338,0.7366433118548338,0.7366433118548338,0.7366433118548338,0.7366433118548338,0.7366433118548338,0.745719077458107,0.745719077458107,0.748312220253044,0.748312220253044,0.748312220253044,0.748312220253044,0.748312220253044,0.748312220253044,0.748312220253044,0.748312220253044,0.748312220253044,0.748312220253044,0.748312220253044,0.748312220253044,0.748312220253044,0.748312220253044,0.748312220253044,0.748312220253044,0.748312220253044,0.748312220253044,0.748312220253044,0.748312220253044,0.748312220253044,0.748312220253044,0.748312220253044,0.748312220253044,0.748312220253044
47.0,0.0,0.8815300196289884,0.8815300196289884,0.8815300196289884,0.8815300196289884,0.8815300196289884,0.8815300196289884,0.8815300196289884,0.8946024812515979,0.9242658839175781,0.9461016745871065,0.9486341855912059,0.9486341855912059,0.9486341855912059,0.9486341855912059,0.9486341855912059,0.9486341855912059,0.9486341855912059,0.9486341855912059,0.9486341855912059,0.9486341855912059,0.9486341855912059,0.9486341855912059,0.9486341855912059,0.9486341855912059,0.9486341855912059,0.9486341855912059,0.9486341855912059,0.9486341855912059,0.9486341855912059,0.9486341855912059,0.9486341855912059,0.9486341855912059,0.9486341855912059,0.9486341855912059,0.9486341855912059,0.9486341855912059,0.9486341855912059,0.9486341855912059,0.9486341855912059,0.9486341855912059,0.9486341855912059,0.9486341855912059,0.9486341855912059,0.9486341855912059,0.9486341855912059,0.9486341855912059,0.9486341855912059,0.9486341855912059,0.9486341855912059,0.9486341855912059,0.9486341855912059,0.9486341855912059,0.9486341855912059,0.9486341855912059,0.9486341855912059,0.9486341855912059,0.9486341855912059,0.9486341855912059,0.9486341855912059,0.9486341855912059
48.0,0.0,0.0,0.0,0.0,0.0,0.0,0.0,0.0,0.0,0.0,0.0,0.0,0.0,0.0,0.0,0.0,0.0,0.0,0.0,0.0,0.0,0.0,0.0,0.0,0.0,0.0,0.0,0.0,0.0,0.0,0.0,0.0,0.0,0.0,0.0,0.0,0.0,0.0,0.0,0.0,0.0,0.0,0.0,0.0,0.0,0.0,0.0,0.0,0.0,0.0,0.0,0.0,0.0,0.0,0.0,0.0,0.0,0.0,0.0,0.0,0.0
49.0,0.0,0.5823158474476501,0.5823158474476501,0.5887428889696903,0.5917437562707493,0.6251892338866605,0.6463538567617543,0.6554094262236905,0.7004179822684693,0.7004179822684693,0.7004179822684693,0.7004179822684693,0.8913936591652347,0.8913936591652347,0.8913936591652347,0.8913936591652347,0.8913936591652347,0.8913936591652347,0.9104470100101265,0.9279237369544059,0.9397039826099048,0.9479196967612237,0.9498204818600113,0.9498204818600113,0.9498204818600113,0.9498204818600113,0.9498204818600113,0.9498204818600113,0.9498204818600113,0.9498204818600113,0.9498204818600113,0.9498204818600113,0.9498204818600113,0.9498204818600113,0.9498204818600113,0.9498204818600113,0.9498204818600113,0.9498204818600113,0.9498204818600113,0.9498204818600113,0.9498204818600113,0.9498204818600113,0.9498204818600113,0.9498204818600113,0.9498204818600113,0.9498204818600113,0.9498204818600113,0.9498204818600113,0.9498204818600113,0.9498204818600113,0.9498204818600113,0.9498204818600113,0.9498204818600113,0.9498204818600113,0.9498204818600113,0.9498204818600113,0.9498204818600113,0.9498204818600113,0.9498204818600113,0.9498204818600113,0.9498204818600113
50.0,0.0,0.0,0.0,0.03991934942169111,0.03991934942169111,0.03991934942169111,0.03991934942169111,0.0838918817023771,0.0838918817023771,0.0838918817023771,0.0838918817023771,0.0838918817023771,0.11623730630002421,0.1431424434649703,0.15892720607259364,0.1691619391869457,0.17930240267689604,0.19019019184233038,0.202702457586537,0.2094340578752898,0.21014282549243685,0.21014282549243685,0.22125762297754997,0.22125762297754997,0.22125762297754997,0.6718103515547516,0.6718103515547516,0.6718103515547516,0.6718103515547516,0.6718103515547516,0.6718103515547516,0.6718103515547516,0.6954633269891021,0.7339026819837939,0.7653715850543695,0.7824268406304563,0.8037775233429649,0.8269888624687352,0.8392936530129613,0.8404928574533976,0.8404928574533976,0.8404928574533976,0.8404928574533976,0.8404928574533976,0.8404928574533976,0.8404928574533976,0.8404928574533976,0.8404928574533976,0.841136751115756,0.841136751115756,0.8436432690048741,0.8436432690048741,0.8436432690048741,0.8436432690048741,0.8436432690048741,0.8436432690048741,0.8436432690048741,0.8436432690048741,0.8436432690048741,0.8436432690048741,0.8436432690048741
